date,S,Hokkaido,Aomori,Iwate,Miyagi,Akita,Yamagata,Fukushima,Ibaraki,Tochigi,Gunma,Saitama,Chiba,Tokyo,Kanagawa,Niigata,Toyama,Ishikawa,Fukui,Yamanashi,Nagano,Gifu,Shizuoka,Aichi,Mie,Shiga,Kyoto,Osaka,Hyogo,Nara,Wakayama,Tottori,Shimane,Okayama,Hiroshima,Yamaguchi,Tokushima,Kagawa,Ehime,Kochi,Fukuoka,Saga,Nagasaki,Kumamoto,Oita,Miyazaki,Kagoshima,Okinawa
2023-04-27,3.693589792900602,0.042130098,0.03033367,0.026176834,0.024379283,0.047298056,0.022469385,0.029097854,0.019997753,0.01718908,0.017638468,0.019098978,0.01572857,0.016739692,0.011234693,0.039321425,0.048196832,0.035389282,0.016177958,0.032018874,0.040444894,0.042130098,0.013481631,0.018986631,0.019323671,0.012695203,0.023143467,0.02157061,0.00988653,0.012695203,0.005954387,0.021345916,0.006628469,0.011122346,0.022357039,0.010448264,0.007864285,0.018424896,0.012695203,0.010672958,0.011459387,0.009549489,0.014492754,0.006965509,0.014942141,0.01314459,0.013706325,0.06325132
2023-05-04,3.680066314374693,0.03662034,0.02724465,0.026913744,0.018089565,0.047981469,0.025700419,0.038826384,0.018420472,0.01731745,0.014228987,0.016986543,0.015552614,0.015552614,0.010919921,0.040480918,0.035407015,0.035186411,0.006507831,0.025810721,0.046878447,0.046657842,0.013898081,0.019082285,0.018861681,0.014008383,0.019413192,0.021619237,0.007169645,0.008382969,0.009485992,0.021729539,0.017207148,0.016986543,0.021067726,0.007279947,0.007721156,0.021619237,0.010147805,0.009044783,0.022170748,0.013567174,0.014780499,0.007721156,0.018751379,0.009265387,0.009816898,0.071917053
2023-05-11,3.781490924240602,0.034955504,0.026216628,0.024933857,0.025495069,0.024532991,0.025575243,0.02525455,0.02172693,0.021165718,0.019321735,0.024212299,0.024693338,0.019241562,0.01868035,0.034474465,0.033432214,0.039284855,0.014992384,0.033833079,0.029263209,0.027739918,0.016756193,0.027419226,0.017397579,0.014591518,0.016275154,0.014832037,0.013469093,0.020444159,0.010823378,0.021566584,0.012907881,0.012025976,0.018520003,0.012186322,0.013228574,0.024532991,0.011544937,0.010181993,0.019241562,0.013549266,0.015473423,0.016515674,0.019241562,0.016595847,0.012988054,0.048665117
2023-05-18,3.757774473296953,0.032901899,0.016632394,0.034776824,0.027216644,0.025583646,0.025039313,0.025220757,0.026974719,0.0185678,0.017358171,0.026732793,0.024132091,0.021349946,0.019958873,0.036954155,0.024978831,0.038587154,0.015059877,0.034353453,0.02661183,0.028668199,0.014394581,0.027277126,0.014696988,0.012519656,0.017902504,0.014334099,0.015846135,0.020140317,0.010765695,0.019595984,0.009374622,0.012701101,0.013668804,0.013366397,0.009797992,0.019172614,0.015785654,0.010281843,0.018688763,0.012096286,0.023950647,0.013910729,0.016813838,0.013971211,0.015967098,0.065319947
2023-05-25,3.772017402783351,0.034599564,0.018570046,0.036111783,0.030849262,0.025465763,0.01984031,0.021594483,0.023167191,0.019719332,0.013488991,0.025949673,0.031514638,0.023953545,0.020747641,0.025828696,0.016876361,0.033752722,0.018449068,0.034962497,0.025344786,0.022985725,0.01693685,0.028792645,0.01645294,0.010706509,0.015727075,0.016634406,0.014275345,0.019900798,0.016150496,0.017299782,0.008891846,0.016271474,0.014396322,0.014698766,0.018328091,0.0096782,0.014577789,0.010887975,0.018630535,0.018630535,0.025768207,0.014940721,0.013972901,0.020021776,0.021050085,0.062605855
2023-06-01,3.7640118459260097,0.032598134,0.016663428,0.031286436,0.025796735,0.017732219,0.024047804,0.015594637,0.024339293,0.017246405,0.014914497,0.028031481,0.032355227,0.025699572,0.021278663,0.023319083,0.016274777,0.033909833,0.015060241,0.029634668,0.024193548,0.025748154,0.017489312,0.025991061,0.021910222,0.011999611,0.017052079,0.016177614,0.014040031,0.021910222,0.013505635,0.020598523,0.011125146,0.01297124,0.014914497,0.015934707,0.015643218,0.01365138,0.01433152,0.011902449,0.020647105,0.023027594,0.020355616,0.017197824,0.014428682,0.01467159,0.026039642,0.076758647
2023-06-08,3.773391885665215,0.028127989,0.015085645,0.021172072,0.022171985,0.011390314,0.018520129,0.017215894,0.021606817,0.015216068,0.015998609,0.028301887,0.028084514,0.026041214,0.021867664,0.02386749,0.018302756,0.028606208,0.01717242,0.024693505,0.020172159,0.02386749,0.016389879,0.027301974,0.024563081,0.013564038,0.01795496,0.01882445,0.01425963,0.020172159,0.016215981,0.018607078,0.011998957,0.013085819,0.017041996,0.019128771,0.019259195,0.016085558,0.016172507,0.015129119,0.025041301,0.02386749,0.019389618,0.023606643,0.014781323,0.017998435,0.032040692,0.080036519
2023-06-15,3.717689071204996,0.022246464,0.012389449,0.018506253,0.019051701,0.01094791,0.016129661,0.01464916,0.022947754,0.013324502,0.014688121,0.027350294,0.029493123,0.022791912,0.023025675,0.018778977,0.019090661,0.024506175,0.014999805,0.025090583,0.0160907,0.022752951,0.021662056,0.028129505,0.024311373,0.014727081,0.018194569,0.017727043,0.01464916,0.021038688,0.017337437,0.017999766,0.011493357,0.013441384,0.016986792,0.015311489,0.01464916,0.013519305,0.015155647,0.014532279,0.023064636,0.024467215,0.020025714,0.02485682,0.015584213,0.022908793,0.037402112,0.111972572
2023-06-22,3.669380199429199,0.018125108,0.014624848,0.019372726,0.01618437,0.010743372,0.012892046,0.01767458,0.022457113,0.013723791,0.013342575,0.024883036,0.026927742,0.021556056,0.021036216,0.0143476,0.013931728,0.020273783,0.012892046,0.022907642,0.016461618,0.025818749,0.020135159,0.027828799,0.021902617,0.014902097,0.017050771,0.017882516,0.016704211,0.01933807,0.017951828,0.016496274,0.011852365,0.012753422,0.016322994,0.015768498,0.01583781,0.015491249,0.014312944,0.017639924,0.019961878,0.024259227,0.018333045,0.030324034,0.0143476,0.02502166,0.040582221,0.136822041
2023-06-29,3.668567133136934,0.017184873,0.012767534,0.017868848,0.017241871,0.009547152,0.011342586,0.017697854,0.021431218,0.015474935,0.012682037,0.020661746,0.028185471,0.019521787,0.017954345,0.014192482,0.010573114,0.019778278,0.01205506,0.022941663,0.016842885,0.02411012,0.018752316,0.026105047,0.020661746,0.015645929,0.017156374,0.016899883,0.016472399,0.022485679,0.020889738,0.018182336,0.011627576,0.014591467,0.019607284,0.016757388,0.015560432,0.019407792,0.017412864,0.015474935,0.02054775,0.026903018,0.019749779,0.027302003,0.017897347,0.027529995,0.038416598,0.137906466
2023-07-06,3.739870157723177,0.014821177,0.00957981,0.014821177,0.017331748,0.010724982,0.012178471,0.014578929,0.017397815,0.013279598,0.011517794,0.019534003,0.024224806,0.016693094,0.016252643,0.015151515,0.010086328,0.020326815,0.011341614,0.019181642,0.016671071,0.024114693,0.017882311,0.025237844,0.026008633,0.019930409,0.018322763,0.017331748,0.018410853,0.023189746,0.022463002,0.026360994,0.014953312,0.016208598,0.020833333,0.019269732,0.01744186,0.021736258,0.024224806,0.020260747,0.023894468,0.033760571,0.025325934,0.026405039,0.02589852,0.035236082,0.037834743,0.09176797
2023-07-13,3.767115922362084,0.015307971,0.007336957,0.012644928,0.018333333,0.007880435,0.009728261,0.015163043,0.018713768,0.012101449,0.013007246,0.017282609,0.023876812,0.014945652,0.014746377,0.014275362,0.010942029,0.023695652,0.0125,0.019094203,0.014836957,0.025126812,0.01951087,0.026684783,0.028134058,0.021431159,0.019365942,0.018514493,0.019456522,0.019728261,0.026141304,0.02298913,0.015833333,0.01682971,0.020144928,0.020144928,0.019728261,0.026557971,0.028442029,0.024873188,0.023423913,0.041757246,0.030181159,0.028858696,0.029836957,0.037663043,0.034565217,0.057663043
2023-07-20,3.791643673517744,0.01271978,0.008313488,0.01538637,0.021318465,0.009055,0.010609323,0.017054772,0.020234717,0.013960386,0.012349024,0.017083292,0.021903119,0.013332953,0.013546851,0.018509276,0.011165457,0.02720778,0.01538637,0.020106378,0.013775008,0.029546394,0.020234717,0.028063371,0.023999316,0.02178904,0.020049339,0.019336347,0.017924622,0.020976229,0.024797867,0.028476906,0.015229512,0.018024441,0.019707103,0.021375504,0.023543001,0.020534174,0.028519686,0.027378898,0.026651646,0.039129009,0.03271208,0.031442953,0.030116788,0.034893835,0.030544583,0.031984828
2023-07-27,3.798355789441198,0.011003664,0.010255963,0.016524188,0.022941953,0.008797946,0.013446153,0.01698527,0.020811006,0.015365252,0.01238691,0.016673728,0.022879645,0.013857389,0.015003863,0.02306657,0.014492934,0.030070035,0.012561374,0.017720509,0.01520325,0.022306408,0.021085163,0.025945218,0.022979339,0.018567904,0.020611619,0.018268823,0.017508661,0.021047778,0.021720709,0.031802208,0.018592827,0.019228373,0.019838995,0.023378112,0.022804875,0.021932557,0.026306607,0.025484136,0.026967076,0.039615682,0.03774643,0.030730504,0.030319268,0.033908232,0.029334796,0.021920096
2023-08-03,3.805958737878975,0.01280823,0.017170087,0.019905703,0.023788513,0.010186072,0.015657304,0.017901266,0.021910141,0.015972467,0.012543493,0.018531592,0.022590893,0.014535323,0.014749634,0.023586809,0.015001765,0.030381726,0.013085573,0.015644698,0.01636327,0.02256568,0.021960567,0.025049165,0.022137058,0.019199738,0.020258686,0.017258333,0.017611316,0.021821895,0.020838586,0.027696536,0.019804851,0.017989511,0.018619838,0.02670062,0.021229388,0.021052897,0.024797035,0.023385104,0.026473703,0.043732036,0.035878171,0.028251223,0.031339821,0.032575261,0.026171146,0.013287277
2023-08-10,3.8221704858899264,0.015951916,0.023529077,0.024070302,0.022090556,0.016735269,0.016450414,0.019954138,0.023173007,0.015837974,0.014399453,0.023301192,0.025110025,0.014769765,0.016450414,0.022361168,0.016251015,0.0299953,0.014869465,0.017304981,0.018928658,0.027930096,0.022517839,0.02948256,0.023828175,0.019939895,0.020566578,0.014570366,0.016692541,0.019939895,0.023885146,0.029568016,0.021777214,0.019569583,0.017005882,0.021435388,0.021022347,0.025423367,0.021577815,0.022232983,0.020096566,0.035023002,0.028428594,0.023400892,0.02912649,0.025166997,0.018686531,0.00957115
2023-08-17,3.811669181939635,0.022035252,0.02916662,0.034217068,0.023216314,0.032034914,0.018210859,0.028424238,0.030842604,0.019110716,0.015567529,0.02223772,0.025173504,0.012328043,0.016939811,0.023699988,0.015050111,0.030021484,0.014071516,0.022035252,0.022125238,0.034903209,0.023070088,0.028896663,0.020314275,0.020246786,0.016984804,0.013362879,0.014285232,0.022845123,0.020021822,0.025443461,0.021461593,0.017850916,0.016073698,0.015477543,0.022192727,0.022305209,0.018750773,0.023902455,0.016287414,0.02740065,0.020505495,0.018672036,0.022012755,0.019369425,0.012249305,0.008604884
2023-08-24,3.8157331100965672,0.020608758,0.033807868,0.034250718,0.03190685,0.028871703,0.022174937,0.027942797,0.028947312,0.02526409,0.02054395,0.02456201,0.027737573,0.015694195,0.019550237,0.023589899,0.017843641,0.027521548,0.014819295,0.025760947,0.022920222,0.024616016,0.027294723,0.025771748,0.021894105,0.017249573,0.015164935,0.013393532,0.014138817,0.020813981,0.015845413,0.023017433,0.016482686,0.015445767,0.015748202,0.019355814,0.024140762,0.017422393,0.018329697,0.021451254,0.016353071,0.022736601,0.021375645,0.01678512,0.018729343,0.018383703,0.014560066,0.00918105
2023-08-31,3.817031231696736,0.020835691,0.028274805,0.036259247,0.033481155,0.031495334,0.025455556,0.028418854,0.028542325,0.025342374,0.0217823,0.026474189,0.029509512,0.017501981,0.020918005,0.023305107,0.017769501,0.026278694,0.013036455,0.024714731,0.024797045,0.022975851,0.027420799,0.025414399,0.021370731,0.01577339,0.017008098,0.014765045,0.014600418,0.019940528,0.017450535,0.019374621,0.015999753,0.015742522,0.015042855,0.01951867,0.022440811,0.015526448,0.018078178,0.018942473,0.015752812,0.020362387,0.018489747,0.018355987,0.018551482,0.01965243,0.015114879,0.012141292
2023-09-07,3.827630375205749,0.018850042,0.021956613,0.03145535,0.034193345,0.02514743,0.020966723,0.025410699,0.026779697,0.026863943,0.020661331,0.028380371,0.028906908,0.017228307,0.022567397,0.024778854,0.023304549,0.027011373,0.017091407,0.021314238,0.02289385,0.025526537,0.025094777,0.025105307,0.019534541,0.016880792,0.018418281,0.015395956,0.016080455,0.019913648,0.015754002,0.018155013,0.019924179,0.018376158,0.015817186,0.017954928,0.020829823,0.013784751,0.020324347,0.020061078,0.017491575,0.021946083,0.019208088,0.019587195,0.022019798,0.022146167,0.015996209,0.012910699
2023-09-14,3.834458330511625,0.018471789,0.020038037,0.026651087,0.028304349,0.02191505,0.019366788,0.022723035,0.025768518,0.025930115,0.021094634,0.0310515,0.029820876,0.019938593,0.023941228,0.024960533,0.026104143,0.022138799,0.017626512,0.024040673,0.023605604,0.023655326,0.023605604,0.028267058,0.021504842,0.017017415,0.021430258,0.016147277,0.017440054,0.021765883,0.016284013,0.019242483,0.017004985,0.020062899,0.016980124,0.020187204,0.021194078,0.016271583,0.020398523,0.018509081,0.017154151,0.019727274,0.018161025,0.019428941,0.020982759,0.020858453,0.0187204,0.014506445
2023-09-21,3.8361067471348185,0.020030006,0.019484442,0.023420299,0.022465561,0.017574966,0.014223642,0.021822575,0.028310894,0.022660406,0.018315375,0.024589365,0.028116049,0.017321669,0.019192175,0.018412797,0.022738343,0.023011126,0.016035695,0.019815677,0.020244335,0.029694289,0.023848957,0.032363658,0.020107944,0.019153206,0.020692477,0.01710734,0.0190363,0.021608246,0.018568673,0.018140015,0.018763517,0.022562983,0.018666095,0.020478148,0.017535998,0.015256318,0.020536602,0.022718859,0.020945775,0.022485046,0.023946379,0.024823179,0.024394521,0.021744637,0.024511428,0.022524015
2023-09-28,3.8357316423412327,0.025416707,0.017106931,0.022663028,0.0204942,0.015888488,0.016034701,0.022248757,0.026147773,0.021834487,0.018569061,0.023783995,0.025855347,0.017253144,0.020226143,0.021590798,0.023954576,0.02366215,0.013256653,0.022224388,0.022516815,0.025002437,0.023515937,0.03021737,0.019129545,0.018154791,0.021103421,0.017106931,0.020299249,0.022906716,0.020640413,0.015961595,0.012818013,0.019763135,0.018983332,0.022224388,0.020153036,0.017521201,0.020299249,0.024149527,0.020421094,0.021737011,0.023052929,0.027536797,0.025416707,0.022906716,0.02492933,0.023320986
2023-10-05,3.8308327710274743,0.033175355,0.018633289,0.026410661,0.017539596,0.01450156,0.016283874,0.020780168,0.02770689,0.022967554,0.020537125,0.021428282,0.025276461,0.014663588,0.017256046,0.019281403,0.022967554,0.030056305,0.014542067,0.02657269,0.024992911,0.026410661,0.021428282,0.028800583,0.020091546,0.016891481,0.021549804,0.015595253,0.021509296,0.021792846,0.01960546,0.019564953,0.01790416,0.019807996,0.019159882,0.020780168,0.018714303,0.019402925,0.019200389,0.021063718,0.018916839,0.018592782,0.019159882,0.025762547,0.01960546,0.021509296,0.021144732,0.030461376
2023-10-12,3.820959968745463,0.036290765,0.016031624,0.024596464,0.017239486,0.018063028,0.016470847,0.028055342,0.024870978,0.019051279,0.022674865,0.021137586,0.020588558,0.012792358,0.016196332,0.018557154,0.024047436,0.030635775,0.016306138,0.027725925,0.029537718,0.03365543,0.023278797,0.028110245,0.016910069,0.020753267,0.021631712,0.015208082,0.020643461,0.025529812,0.019490502,0.022510157,0.015043373,0.01789832,0.019984627,0.018996376,0.015866916,0.026627869,0.021521906,0.020863072,0.015537499,0.020533655,0.018117931,0.018172834,0.019106182,0.016855166,0.015866916,0.030416163
2023-10-19,3.811707226545197,0.04375,0.017525773,0.025451031,0.022938144,0.022164948,0.015721649,0.031765464,0.025386598,0.02435567,0.028157216,0.021585052,0.02003866,0.013595361,0.014110825,0.023840206,0.025773196,0.028221649,0.014884021,0.029832474,0.033311856,0.026095361,0.022164948,0.02628866,0.014884021,0.018363402,0.020747423,0.016301546,0.02132732,0.017783505,0.027319588,0.018427835,0.012048969,0.019587629,0.01746134,0.020360825,0.016043814,0.024806701,0.022809278,0.01681701,0.014755155,0.019845361,0.015721649,0.017074742,0.014755155,0.015528351,0.016430412,0.023840206
2023-10-26,3.789593632797093,0.050377117,0.016934681,0.02746549,0.021844315,0.02227124,0.017076989,0.029600114,0.020492387,0.021915469,0.02867511,0.019851999,0.016721218,0.013092358,0.011882738,0.019140458,0.024619325,0.031165504,0.014942365,0.032446279,0.045467483,0.026042408,0.019425075,0.026825103,0.011953892,0.014942365,0.016009677,0.01295005,0.017076989,0.018144301,0.017290451,0.024263555,0.011028889,0.017717376,0.02020777,0.025402021,0.023623168,0.019994308,0.030596272,0.018784688,0.013163512,0.023196243,0.01415967,0.023125089,0.013590437,0.021488544,0.014942365,0.018073146
2023-11-02,3.775898946913943,0.054839525,0.021902114,0.026451015,0.020975486,0.025777104,0.018616797,0.028051554,0.021733637,0.024092326,0.025018954,0.019459186,0.017268975,0.01229888,0.011877685,0.01760593,0.022660265,0.027209165,0.010614102,0.040266195,0.049195518,0.03605425,0.018027125,0.029567854,0.013730941,0.017690169,0.016342347,0.012972791,0.016510825,0.01457333,0.019290708,0.022660265,0.013730941,0.020217336,0.021228203,0.023418415,0.019796142,0.022070592,0.02072277,0.015668436,0.013309746,0.022912981,0.011456491,0.020554292,0.012046163,0.014657569,0.016932019,0.017942886
2023-11-09,3.780002852061308,0.060316482,0.028565557,0.026921496,0.019420469,0.023119605,0.021783806,0.022092067,0.021783806,0.025277435,0.023941636,0.016851624,0.016440608,0.012330456,0.011919441,0.023633374,0.021372791,0.023736128,0.013666256,0.034833539,0.051376901,0.030928894,0.016440608,0.028668311,0.012124949,0.022811344,0.017776408,0.013974517,0.017776408,0.018084669,0.015310316,0.019523222,0.01541307,0.016646116,0.017159885,0.019009453,0.020859022,0.021167283,0.017365393,0.017776408,0.014796547,0.020036991,0.010583642,0.019420469,0.017365393,0.022811344,0.017981915,0.018803946
2023-11-16,3.769083473106649,0.064011989,0.026439735,0.022479127,0.017662171,0.033397559,0.027617213,0.02504817,0.020231214,0.024941126,0.023763648,0.017876258,0.018839649,0.012524085,0.013273389,0.023121387,0.029008778,0.025904517,0.01701991,0.029543995,0.053200599,0.029651038,0.017126954,0.0253693,0.012202954,0.016805823,0.017233997,0.015093128,0.017233997,0.020445301,0.016163562,0.017769214,0.011025476,0.016591736,0.018411475,0.023121387,0.018518519,0.02504817,0.021943909,0.012845215,0.01391565,0.01734104,0.017555127,0.017662171,0.012417041,0.013487476,0.013701563,0.015414258
2023-11-23,3.776416033485432,0.06037081,0.01616586,0.025390447,0.015617865,0.022467805,0.025299114,0.028769751,0.024751119,0.021006485,0.021006485,0.021097817,0.018631839,0.014247877,0.012421226,0.028221755,0.024203124,0.027217097,0.014065211,0.036076354,0.053155539,0.027582428,0.018814504,0.025299114,0.012329893,0.021645812,0.018723171,0.014704539,0.018357841,0.017627181,0.017170518,0.018905836,0.013973879,0.017718513,0.024203124,0.023746461,0.015526532,0.02155448,0.021280482,0.018723171,0.016257192,0.01616586,0.012695223,0.014156544,0.015252534,0.014795872,0.020275824,0.012329893
2023-11-30,3.780399435477679,0.051725446,0.019491847,0.025635192,0.01350019,0.017064846,0.022222222,0.03064088,0.023056504,0.021539628,0.023435722,0.022146378,0.017444065,0.014334471,0.012135002,0.032840349,0.022601441,0.024042473,0.013196815,0.048464164,0.043837694,0.025559348,0.02116041,0.026166098,0.018278347,0.017823284,0.019567691,0.013803565,0.01653394,0.027152067,0.021084566,0.02116041,0.011604096,0.016458096,0.020553659,0.021539628,0.01350019,0.020781191,0.023511566,0.013803565,0.015396284,0.014789534,0.012665908,0.016913159,0.021539628,0.018278347,0.020781191,0.010238908
2023-12-07,3.7962826902272537,0.04591627,0.02055076,0.020785626,0.017497505,0.016616758,0.024308614,0.026128824,0.027303153,0.023016852,0.022194821,0.022488403,0.017438788,0.013563502,0.011802008,0.027538019,0.023016852,0.02154894,0.012036874,0.045563972,0.038987728,0.029358229,0.021372791,0.0281839,0.022605836,0.018084669,0.017673654,0.013328636,0.017791087,0.024015031,0.017380072,0.020257178,0.016205742,0.017673654,0.016264459,0.022253538,0.015207563,0.022136105,0.026833421,0.018789267,0.01608831,0.011919441,0.016264459,0.018436968,0.023604016,0.017203922,0.021666373,0.011097411
2023-12-14,3.79009608530909,0.046153083,0.020226056,0.016161015,0.018094388,0.016309736,0.017400357,0.022010708,0.026819354,0.023002181,0.021663692,0.02082094,0.02082094,0.012790006,0.012393417,0.02676978,0.026868927,0.022407297,0.018292683,0.047739441,0.042088043,0.029595479,0.020077335,0.030190363,0.021316677,0.020573072,0.017896094,0.012343843,0.01730121,0.019631172,0.021961134,0.019978188,0.012938727,0.019581598,0.015615705,0.025580012,0.01541741,0.02731509,0.028207416,0.014525084,0.015665279,0.014128495,0.015219116,0.019532025,0.021019235,0.018441404,0.016855047,0.010261749
2023-12-21,3.7867620800309294,0.049246787,0.017413738,0.017690146,0.016953057,0.017275533,0.016584512,0.02386327,0.029391441,0.023540793,0.019947482,0.021237389,0.021790206,0.014419312,0.01326761,0.026673423,0.025936334,0.021790206,0.013359746,0.04482425,0.039388216,0.026535219,0.01976321,0.032524071,0.0226655,0.016492376,0.01663058,0.013451882,0.017091261,0.019348597,0.016169899,0.017459806,0.013083337,0.01759801,0.01469572,0.025567789,0.0269959,0.022343023,0.026719491,0.01349795,0.017045193,0.01856544,0.012760861,0.026304879,0.029621781,0.017644078,0.01543281,0.00939789
2023-12-28,3.799747223057268,0.043671539,0.020448807,0.02229809,0.01369181,0.01675024,0.017283687,0.025534336,0.031153313,0.019381913,0.019630855,0.02105338,0.019488602,0.012055905,0.011060137,0.021906896,0.023258295,0.019275223,0.015398841,0.03236246,0.037874747,0.032540275,0.019381913,0.032682528,0.020591059,0.018066076,0.019595291,0.012020342,0.015576656,0.014474199,0.01618123,0.0248942,0.013762936,0.019346349,0.021124507,0.026210036,0.023080479,0.024823073,0.020164302,0.019950923,0.018919592,0.020164302,0.017176998,0.028770582,0.03236246,0.017888261,0.015932288,0.010740069
2024-01-04,3.792828786333085,0.030040073,0.017239888,0.022256177,0.01565428,0.02058408,0.012944331,0.032548217,0.035373483,0.018220082,0.017816473,0.018652521,0.021593104,0.009744285,0.009628968,0.016202035,0.018911984,0.024331882,0.009398334,0.0232652,0.036353677,0.043906939,0.022429152,0.035748263,0.019632715,0.020180471,0.017095742,0.013607403,0.014039842,0.015452475,0.017355205,0.025859832,0.016547986,0.021391299,0.017412864,0.016317352,0.026955344,0.023380517,0.018277741,0.021477787,0.021448958,0.024389541,0.02173725,0.031250901,0.031769827,0.021477787,0.016317352,0.013780379
2024-01-11,3.810029449079985,0.023956319,0.012421795,0.023524059,0.017995677,0.014219088,0.015447617,0.027528154,0.032328518,0.023637811,0.019838471,0.021067,0.025958367,0.012876806,0.013764077,0.015129109,0.017972927,0.023842566,0.009805483,0.029234444,0.031964509,0.032510522,0.025821863,0.032237516,0.022568536,0.017290411,0.018041178,0.014059834,0.014969856,0.018700944,0.018427938,0.018746445,0.013946081,0.019724718,0.018678194,0.019588215,0.026868388,0.01936071,0.023273803,0.024980093,0.018564441,0.031441247,0.024798089,0.029257195,0.027346149,0.025344102,0.016152884,0.014787851
2024-01-18,3.8173515461300673,0.017968164,0.010617551,0.018218185,0.021351779,0.012967747,0.018068172,0.031652638,0.030552546,0.027735645,0.024802067,0.024168681,0.026718893,0.01388449,0.015951329,0.0168014,0.019751646,0.023885324,0.012817735,0.024635386,0.026368864,0.02691891,0.025518793,0.02888574,0.026268856,0.015167931,0.016168014,0.013267772,0.015334611,0.017668139,0.020551713,0.020468372,0.015217935,0.018951579,0.01903492,0.022935245,0.025368781,0.022735228,0.023285274,0.023251938,0.017334778,0.028419035,0.021618468,0.026802234,0.028602384,0.026785565,0.02151846,0.013001083
2024-01-25,3.811653997960856,0.019280458,0.011613211,0.023619615,0.02637196,0.013270235,0.021134079,0.03361793,0.029700051,0.029503454,0.029011964,0.026905578,0.029320901,0.015825984,0.019041735,0.020839184,0.023465146,0.029363029,0.015952368,0.025248554,0.029503454,0.022889401,0.026877493,0.029826434,0.023310678,0.01449194,0.015320452,0.012469808,0.014828961,0.016163006,0.018915351,0.015587261,0.011978318,0.016794922,0.019856204,0.023015784,0.022917486,0.023338763,0.024490254,0.019083862,0.016092793,0.021822165,0.016865135,0.024097062,0.026442173,0.023577487,0.016064708,0.010293209
2024-02-01,3.819713613726591,0.019738529,0.013778518,0.020699821,0.024621892,0.013893873,0.020302487,0.031389387,0.02878749,0.026262497,0.02786465,0.023442707,0.02786465,0.014586004,0.018725968,0.024250192,0.020635734,0.031427839,0.016534222,0.023224814,0.028364522,0.022660856,0.027544219,0.028902845,0.024019482,0.014521917,0.015778006,0.011996924,0.013919508,0.017828762,0.020904896,0.015290951,0.014842348,0.017239169,0.022250705,0.020264035,0.019507819,0.022609587,0.027339144,0.019725711,0.017892848,0.025237119,0.018969495,0.024647526,0.024634709,0.022942835,0.020674186,0.0114586
2024-02-08,3.819396063123327,0.022051123,0.015900409,0.026653097,0.028054339,0.016372406,0.023113117,0.028290337,0.029057333,0.025974601,0.029337581,0.021933124,0.02435211,0.013820671,0.016239657,0.027257843,0.021298878,0.032317064,0.02084163,0.023599864,0.025768102,0.025074856,0.02604835,0.02958833,0.023658864,0.016401906,0.01557591,0.011534434,0.013481422,0.021018629,0.018850392,0.021151378,0.014823665,0.017552399,0.023260616,0.018894641,0.021490626,0.019868136,0.026741596,0.015561161,0.017198401,0.021564376,0.018053896,0.020620381,0.02430786,0.019986135,0.016033158,0.009425196
2024-02-15,3.8241249225061966,0.02044864,0.021618834,0.024593903,0.028778833,0.018584264,0.025327753,0.026597116,0.030663044,0.02760864,0.02332454,0.02128166,0.02473274,0.013685317,0.01469684,0.025069914,0.019000774,0.030702711,0.019774291,0.025446756,0.028044983,0.03006803,0.025248418,0.027826811,0.020746147,0.016620718,0.013923323,0.01265396,0.011979611,0.021122989,0.016343045,0.021202325,0.016184375,0.020349471,0.018703267,0.018286757,0.021539499,0.02144033,0.025426922,0.019833793,0.018167754,0.021162657,0.019575954,0.018861937,0.022392352,0.019119776,0.017612408,0.013625816
2024-02-22,3.826778073887282,0.021067981,0.023732904,0.029087892,0.030244368,0.023355792,0.02805712,0.025869871,0.029414722,0.026121279,0.022123894,0.020967418,0.022149035,0.013324618,0.015335881,0.028333669,0.018126508,0.027855994,0.016768906,0.023129525,0.025341915,0.027378319,0.025367056,0.027126911,0.020992558,0.017799678,0.016643202,0.012620676,0.012997788,0.019609815,0.017699115,0.023657482,0.018654465,0.021419952,0.018880732,0.017296862,0.021746782,0.017975664,0.020615447,0.019484111,0.01689461,0.025140788,0.018252212,0.019509252,0.01945897,0.020238335,0.017095736,0.015034191
2024-02-29,3.8131503381039664,0.020443794,0.025765938,0.031172561,0.037057896,0.028159495,0.034720658,0.02790606,0.027821581,0.024442442,0.023963731,0.019289254,0.02173913,0.013122325,0.015009011,0.036410228,0.020134039,0.02903244,0.018134715,0.024048209,0.024245326,0.023372381,0.020894346,0.02452692,0.019683487,0.017261771,0.017374409,0.013488398,0.013347601,0.026188331,0.0145303,0.021654652,0.016670421,0.023034467,0.015515882,0.016980176,0.018331831,0.019289254,0.018247353,0.01393895,0.014840054,0.022386799,0.017430728,0.019373733,0.019458211,0.017627844,0.015403244,0.016529624
2024-03-07,3.81580069299502,0.017058074,0.031095448,0.032280037,0.035833802,0.029733171,0.033050019,0.026919774,0.024965203,0.02167797,0.021263364,0.019753013,0.022477567,0.012586253,0.014600053,0.035359967,0.020286078,0.025675956,0.018449966,0.026297865,0.021322593,0.024846744,0.018864572,0.022773714,0.021144905,0.021085675,0.017828057,0.012852785,0.013119318,0.019634554,0.015903101,0.023780614,0.018242663,0.02218142,0.015547724,0.014688897,0.019516096,0.017946516,0.016080789,0.016821157,0.016199248,0.026357094,0.020937602,0.017146919,0.019871472,0.020463766,0.018420351,0.017058074
2024-03-14,3.810619998907996,0.015677139,0.030346912,0.035509664,0.037650318,0.033085689,0.033085689,0.027041491,0.024806397,0.023232387,0.021689857,0.019706605,0.022036139,0.011647674,0.014008689,0.035761506,0.018888119,0.023610149,0.016054901,0.024711956,0.023515709,0.026789649,0.021658377,0.02367311,0.01901404,0.018195555,0.018164075,0.012119877,0.014480892,0.018825159,0.018038154,0.023106466,0.019139961,0.021375055,0.014984575,0.015645659,0.015740099,0.016401184,0.016527104,0.019328842,0.01580306,0.021217654,0.025719323,0.018384436,0.018510357,0.017849273,0.019234402,0.018006674
2024-03-21,3.8128611603341818,0.016793551,0.033960293,0.035490372,0.0359382,0.037766831,0.024630542,0.023175101,0.025526198,0.020040305,0.018734139,0.021645022,0.020786685,0.011419615,0.012800418,0.029146141,0.018958053,0.019368562,0.016345723,0.025488879,0.021868936,0.028586356,0.018995372,0.02507837,0.018510225,0.022577997,0.020114943,0.013397522,0.015860576,0.019816391,0.020488133,0.024593223,0.01720406,0.022204807,0.013546798,0.015188834,0.016532318,0.015785938,0.016569637,0.01645768,0.018286311,0.023063144,0.026981639,0.015823257,0.020525452,0.023287058,0.021234513,0.019405881
2024-03-28,3.8085856185298375,0.016644347,0.030227664,0.035048785,0.034704419,0.046948536,0.027396212,0.023990817,0.023799503,0.019169696,0.023034245,0.019131433,0.022728142,0.013315477,0.014118998,0.027625789,0.020470633,0.021924622,0.014807729,0.022039411,0.020011479,0.029845035,0.017983547,0.024449971,0.021580256,0.020202793,0.02070021,0.013774632,0.016032141,0.017945284,0.021580256,0.019514062,0.013200689,0.024909126,0.014118998,0.014616415,0.020470633,0.016453032,0.014233786,0.016070404,0.014310312,0.022383777,0.02070021,0.020623685,0.020585422,0.026324852,0.01828965,0.021962885
2024-04-04,3.79049671238122,0.017709671,0.037667462,0.04106258,0.04110846,0.049688016,0.030418425,0.022481189,0.022848229,0.023444669,0.02110479,0.018948431,0.02174711,0.012571114,0.014773353,0.025463388,0.023352909,0.015278033,0.014360433,0.022022389,0.023307029,0.026931547,0.02041659,0.025325748,0.01995779,0.024224628,0.02064599,0.014956873,0.016470912,0.024041108,0.02069187,0.02023307,0.018122591,0.022251789,0.012020554,0.011837034,0.02183887,0.016792072,0.013442834,0.012938154,0.013029914,0.018214351,0.019407231,0.012708754,0.016792072,0.02073775,0.015599193,0.02101303
2024-04-11,3.792436373177199,0.020833333,0.039109122,0.041293691,0.035699062,0.046941603,0.033727621,0.023604007,0.02147272,0.025255754,0.018595482,0.019181586,0.021685848,0.012894288,0.016304348,0.028239557,0.021099744,0.018009378,0.015558397,0.022751492,0.027973146,0.025255754,0.018755328,0.023124467,0.017849531,0.01880861,0.022911338,0.015771526,0.017956095,0.024509804,0.020140665,0.02147272,0.016943734,0.019607843,0.012468031,0.01342711,0.016570759,0.013373828,0.012148338,0.015398551,0.0146526,0.021046462,0.017369991,0.012521313,0.013853367,0.017263427,0.017796249,0.028772379
2024-04-18,3.8011609664599386,0.021107019,0.0388611,0.039795526,0.033859177,0.038036607,0.037431979,0.023470566,0.018743473,0.020777222,0.019513,0.01978783,0.021931512,0.015225636,0.017754081,0.030396306,0.021161985,0.017424284,0.016050129,0.023305667,0.024734788,0.020392459,0.015445501,0.022481174,0.014950805,0.018413676,0.022591106,0.017589183,0.016599791,0.025394382,0.019403067,0.025229484,0.018743473,0.023800363,0.01286209,0.018303743,0.017094487,0.015665366,0.011542901,0.014840873,0.015280602,0.021161985,0.015390535,0.014950805,0.015060738,0.015830264,0.019677898,0.03193536
2024-04-25,3.784406050946271,0.023453754,0.037954732,0.0388374,0.031776054,0.040476641,0.032406532,0.019355652,0.019544795,0.022760229,0.019670891,0.019607843,0.022760229,0.015068407,0.018409936,0.02994767,0.020679654,0.019040414,0.013240023,0.026732236,0.026038711,0.021814514,0.018409936,0.020490511,0.012861736,0.016833743,0.020679654,0.016707648,0.021499275,0.020112225,0.0194187,0.019544795,0.019103461,0.0194187,0.016455457,0.014500977,0.011411639,0.015446693,0.01191602,0.015446693,0.015005359,0.015951075,0.01525755,0.017022886,0.009331064,0.018788223,0.026227854,0.052581804
2024-05-02,3.727925071926125,0.029656927,0.050013161,0.034921471,0.022988506,0.042730543,0.01982978,0.020180749,0.022023339,0.015003948,0.016232342,0.019127841,0.024304642,0.012985873,0.015530403,0.020707204,0.018074932,0.019391068,0.009212951,0.016934281,0.024392384,0.02351496,0.017460735,0.022198824,0.010967799,0.013512328,0.01763622,0.014477494,0.016056857,0.016232342,0.023427218,0.026322717,0.022900763,0.0213214,0.016232342,0.012547162,0.01140651,0.010616829,0.011494253,0.017548478,0.020619461,0.023427218,0.014828464,0.014126525,0.013336843,0.014038782,0.03378082,0.085724313
2024-05-09,3.7513914383340263,0.028459491,0.031194559,0.033338261,0.021880544,0.030824956,0.020993495,0.017519219,0.020032525,0.01855411,0.016706091,0.020845653,0.023654642,0.016853933,0.017740982,0.026241869,0.021215257,0.019736842,0.009683619,0.022028386,0.026759314,0.024911295,0.01759314,0.021067416,0.010570668,0.013083974,0.018332348,0.015375517,0.018849793,0.019736842,0.015966884,0.020623891,0.023950325,0.017001774,0.017297457,0.014858072,0.013601419,0.011975163,0.013231815,0.017297457,0.016706091,0.024985216,0.017962744,0.020993495,0.012123004,0.01463631,0.034003548,0.089000591
2024-05-16,3.7579927796963815,0.033885301,0.024167253,0.028834473,0.021673806,0.027427914,0.016942651,0.017709865,0.022632824,0.023719711,0.018221341,0.022121348,0.025637747,0.0177738,0.02116233,0.02793939,0.020395115,0.019308228,0.01016559,0.026021354,0.024486925,0.01975577,0.021034461,0.020139377,0.013234448,0.011700019,0.017645931,0.014832811,0.016686913,0.021418068,0.013426252,0.018541014,0.018477079,0.019947574,0.013745924,0.012850841,0.015536091,0.008439358,0.013426252,0.02045905,0.0177738,0.027044307,0.023911515,0.022888562,0.01566396,0.015088549,0.030241033,0.085864075
2024-05-23,3.752872569802753,0.030118233,0.020597386,0.019041693,0.015432483,0.025513379,0.01661481,0.0152458,0.023024269,0.021095208,0.014623522,0.023522091,0.027815806,0.018481643,0.020037337,0.022962041,0.020472931,0.016490355,0.008276291,0.025015557,0.028562539,0.018170504,0.021219664,0.019290604,0.011698818,0.011947729,0.016179216,0.014187928,0.016988177,0.021717486,0.013067828,0.023148724,0.018979465,0.01829496,0.016116988,0.01605476,0.018668326,0.011014312,0.01051649,0.028126945,0.019290604,0.028749222,0.028562539,0.026135657,0.017299315,0.020721842,0.03322962,0.087678905
2024-05-30,3.688475116499178,0.03311218,0.016190882,0.016434354,0.020329904,0.015460466,0.013999635,0.014669183,0.023616775,0.021851604,0.017956053,0.026112362,0.029277497,0.020512508,0.02258202,0.022521152,0.018747337,0.018016921,0.008399781,0.021547264,0.024164587,0.017773449,0.022034208,0.021729868,0.01144318,0.01174752,0.014730051,0.013330087,0.013451823,0.02045164,0.011808388,0.014486579,0.016190882,0.016616958,0.012721407,0.015886542,0.02136466,0.011382312,0.010956236,0.019782093,0.021547264,0.031225272,0.026234098,0.021242924,0.012904011,0.020025565,0.043277132,0.120153387
2024-06-06,3.7063537106494993,0.036832514,0.016732012,0.018499089,0.016455906,0.01761555,0.014136617,0.013253079,0.021536253,0.018167762,0.016897675,0.02711359,0.030702965,0.022475012,0.023082445,0.019382627,0.018609531,0.019327406,0.00949804,0.017781214,0.022695897,0.017946877,0.022309349,0.026064388,0.01143078,0.011762107,0.01474405,0.013142636,0.015461925,0.019382627,0.014191838,0.014854492,0.012921752,0.017339444,0.014799271,0.016069358,0.021039262,0.010215915,0.014854492,0.017946877,0.022751118,0.027058369,0.018830416,0.022530234,0.015517146,0.029708984,0.048208073,0.108123033
2024-06-13,3.709629839197916,0.033703624,0.010407679,0.016447368,0.014829594,0.013373598,0.008789905,0.010191976,0.023781277,0.01720233,0.016447368,0.02734038,0.03375755,0.024158758,0.024374461,0.020006471,0.013751079,0.019413287,0.009814495,0.015261001,0.023781277,0.017148404,0.021354616,0.025776531,0.014991372,0.013319672,0.017148404,0.016716997,0.014452114,0.018820104,0.013157895,0.013589301,0.01348145,0.017525884,0.013643227,0.018927955,0.023026316,0.01283434,0.012888266,0.019359362,0.0236195,0.039150129,0.023511648,0.027556083,0.016069888,0.031169111,0.046268335,0.09765962
2024-06-20,3.657272126376313,0.023353463,0.009011134,0.016465371,0.014861295,0.008256275,0.006935271,0.008963955,0.02491036,0.017125873,0.014059256,0.026797509,0.034204567,0.022173995,0.023778071,0.014861295,0.015097188,0.014861295,0.01099264,0.014955652,0.018871485,0.020664276,0.021419136,0.023919607,0.012502359,0.011794678,0.015427439,0.015521797,0.014247971,0.018965843,0.014436686,0.013021325,0.013304397,0.014861295,0.017692017,0.017456124,0.021041706,0.012926967,0.014389507,0.019107379,0.022315531,0.039913191,0.02528779,0.034723533,0.018871485,0.034912248,0.049584827,0.121154935
2024-06-27,3.642148572169829,0.018106108,0.006729375,0.016990742,0.014165149,0.007510131,0.009778042,0.011897238,0.025244451,0.016618954,0.012715173,0.02528163,0.034093022,0.020708629,0.023422687,0.011525449,0.011228018,0.014090791,0.009071644,0.01542923,0.016061271,0.016061271,0.019518905,0.025021378,0.013942075,0.011228018,0.013756181,0.01609845,0.015020262,0.015354872,0.012826709,0.010781872,0.012603636,0.013756181,0.013310035,0.019816336,0.02100606,0.014871547,0.015168978,0.024091906,0.024984199,0.041863405,0.032382794,0.045395397,0.018143287,0.043796706,0.057329814,0.111201993
2024-07-04,3.6805457663568073,0.012894539,0.006266021,0.014499883,0.011858833,0.005515134,0.008078507,0.010900805,0.02307035,0.013360607,0.01222133,0.022267678,0.02824888,0.018487351,0.020558763,0.012299008,0.013748997,0.012299008,0.00908832,0.015406126,0.016804329,0.01954895,0.018487351,0.025193548,0.014551669,0.014681132,0.015872194,0.016571295,0.016441832,0.020584656,0.015069522,0.014991844,0.012324901,0.014551669,0.015794516,0.017710572,0.023665881,0.016208798,0.017477538,0.033013128,0.029206908,0.042230911,0.03265063,0.047228192,0.029595298,0.051112089,0.059889697,0.077470806
2024-07-11,3.696777459417124,0.008537773,0.004729431,0.012009565,0.014135152,0.005544239,0.007811531,0.010946772,0.01918342,0.014489416,0.013727748,0.017660083,0.022619786,0.013391197,0.016172173,0.010574794,0.014206005,0.013727748,0.011123904,0.015038526,0.017518377,0.020458772,0.017376672,0.027668054,0.016012754,0.015587636,0.016792135,0.01709326,0.019006288,0.023452307,0.018102914,0.014117439,0.011743867,0.016491011,0.015162519,0.023044903,0.026516695,0.020795324,0.023062616,0.035072181,0.026428129,0.052183155,0.039677619,0.046638916,0.035550438,0.051970596,0.056239483,0.050606678
2024-07-18,3.7627568350840006,0.007735095,0.005634741,0.013978214,0.015079089,0.009458833,0.008922881,0.01363057,0.019265311,0.015050119,0.014789385,0.018019584,0.021539487,0.012312417,0.014789385,0.013905788,0.014267918,0.016875253,0.015122545,0.020525523,0.017932673,0.025276667,0.020221334,0.030158178,0.01954053,0.016397242,0.019641926,0.018425169,0.018903181,0.024146822,0.022669332,0.021974043,0.014601078,0.01700562,0.016484153,0.022640362,0.024349615,0.02366881,0.02584159,0.033779477,0.028159221,0.04501999,0.033504259,0.039298337,0.034793441,0.043050003,0.039660467,0.031954343
2024-07-25,3.789606042289306,0.008122645,0.007044176,0.017078032,0.016572926,0.009187462,0.010661825,0.015235079,0.020204227,0.015371594,0.014907443,0.017091684,0.02159668,0.012463824,0.014552504,0.015289685,0.016067821,0.021528422,0.016340851,0.018415879,0.017187244,0.025214329,0.021296347,0.031739748,0.021214438,0.017815213,0.020722984,0.020013105,0.020968711,0.028299569,0.022033528,0.019535303,0.019262273,0.020449954,0.019617212,0.024395238,0.027303009,0.023152951,0.025200677,0.030811445,0.02667504,0.042838421,0.034046852,0.03475673,0.028367826,0.035466608,0.031343854,0.022538634
2024-08-01,3.8124738033815775,0.010298405,0.009800331,0.020904443,0.019791102,0.011865872,0.014209748,0.017725561,0.020919092,0.015542827,0.01662687,0.016275288,0.019996191,0.010635337,0.013550532,0.019981542,0.017491174,0.024054026,0.017168891,0.022574455,0.020230579,0.026515096,0.021080234,0.029444941,0.021754098,0.019087939,0.019981542,0.018780306,0.020303825,0.02776028,0.021578307,0.022427962,0.023204371,0.019234432,0.021475763,0.023878236,0.02510877,0.023907534,0.025650792,0.02663229,0.024097974,0.040754142,0.031261445,0.028873621,0.027335453,0.02909336,0.023394811,0.017740211
2024-08-08,3.8272562737654257,0.014252569,0.016572754,0.022281148,0.021765551,0.018101131,0.01823003,0.020734357,0.024564505,0.0229993,0.019132324,0.017162008,0.021802379,0.01010938,0.014031599,0.021526167,0.018800869,0.026056053,0.019445365,0.018248444,0.02277833,0.027216146,0.019426951,0.024969617,0.021102641,0.020881671,0.021765551,0.014013185,0.020163518,0.023312341,0.020697529,0.022796744,0.025485213,0.019924134,0.02233639,0.025540456,0.022925644,0.02366221,0.02555887,0.024988031,0.015744117,0.036073362,0.032077487,0.025356314,0.021213126,0.021434096,0.017364564,0.015375833
2024-08-15,3.795736534776552,0.022031686,0.030875866,0.033891439,0.01678819,0.02889549,0.0205239,0.031866055,0.032113602,0.018543523,0.01942119,0.018588532,0.017643352,0.008169052,0.011589702,0.02005131,0.019938788,0.023539472,0.017193267,0.014110181,0.026307498,0.039292466,0.023066883,0.029593123,0.019488703,0.0231569,0.018768566,0.010306958,0.014560266,0.013952651,0.015100369,0.033126294,0.031753533,0.019556216,0.021221532,0.010284454,0.019331173,0.026870105,0.01726078,0.024507156,0.01615807,0.030380772,0.0231569,0.018093438,0.024799712,0.016225583,0.014807813,0.013097489
2024-08-22,3.8033126051895065,0.025094103,0.039402144,0.035087719,0.030905369,0.031785864,0.026678994,0.03072927,0.029672676,0.024565806,0.022408594,0.018534416,0.022122433,0.010543926,0.012877237,0.028109798,0.022254507,0.025138128,0.015804882,0.027713575,0.027647538,0.024741905,0.023090977,0.024191596,0.019348874,0.017940082,0.01578287,0.011644544,0.015496709,0.016839464,0.015848907,0.022694754,0.022584693,0.019546985,0.016223117,0.017521847,0.024565806,0.019018689,0.018226243,0.023421163,0.014087917,0.021440049,0.021594136,0.016421229,0.013823769,0.013515596,0.013471571,0.00983953
2024-08-29,3.792157079081786,0.025285909,0.038112475,0.040499423,0.031135243,0.033181198,0.035436995,0.035515686,0.027646627,0.026859721,0.020669395,0.019462806,0.023397335,0.012538034,0.015029902,0.031554926,0.023213724,0.023554716,0.01600042,0.02667611,0.028249921,0.024761305,0.024315392,0.021718602,0.01870213,0.016393873,0.016603714,0.011724898,0.014033155,0.018256217,0.016367642,0.018807051,0.022085825,0.018859511,0.017626692,0.017810303,0.022820271,0.018020145,0.017469311,0.022007135,0.011541286,0.017757843,0.016761095,0.013692162,0.012354422,0.012852796,0.011357675,0.011278984
2024-09-05,3.756599934511352,0.025246814,0.038940001,0.041048996,0.04190482,0.037075526,0.038940001,0.034630315,0.028639545,0.028333894,0.021273344,0.024024208,0.026744506,0.014671272,0.019072653,0.035302748,0.022801602,0.026377724,0.019133784,0.031451539,0.026438854,0.024849467,0.025032858,0.021181649,0.018889262,0.014121099,0.012378886,0.01228719,0.012837363,0.017177614,0.013998839,0.022862732,0.023290644,0.016016138,0.013723752,0.01323471,0.023535165,0.014426751,0.015221445,0.019806217,0.009230675,0.013020754,0.014335055,0.011889843,0.010392151,0.009444631,0.006968854,0.007794113
2024-09-12,3.764223627499422,0.022956698,0.036676151,0.039404451,0.042093776,0.034103753,0.038702888,0.037182835,0.029231789,0.031063647,0.023307479,0.026971197,0.030206182,0.017188292,0.020657131,0.031999065,0.020774058,0.024203921,0.016174923,0.027088124,0.022800795,0.025801925,0.025879877,0.021943329,0.018786296,0.015278482,0.014343064,0.011341934,0.012121448,0.018123709,0.011030128,0.023775188,0.018123709,0.017967806,0.013524574,0.013446623,0.026659391,0.016330826,0.01738317,0.017811903,0.009588027,0.012589157,0.012589157,0.01192657,0.013095841,0.01083525,0.008925439,0.007990022
2024-09-19,3.793498771004652,0.0239363,0.026964975,0.032778076,0.034048166,0.03116604,0.023838601,0.027990816,0.032533828,0.030091349,0.022568512,0.026818426,0.031752235,0.019246739,0.02032143,0.032582678,0.020174882,0.023301255,0.016169215,0.029798251,0.027258072,0.027013824,0.030384446,0.027209223,0.016706561,0.016022666,0.015094524,0.012603195,0.01441063,0.021396121,0.014850276,0.0239363,0.01914904,0.021786918,0.015338772,0.014166382,0.024131699,0.021103024,0.017878951,0.01797665,0.011626203,0.01079576,0.011577353,0.012945142,0.016608861,0.011772752,0.010209565,0.009965317
2024-09-26,3.797285416353543,0.026040108,0.027057767,0.034480694,0.035797665,0.023825202,0.027955702,0.031547441,0.034061658,0.024244238,0.024363963,0.02867405,0.031846752,0.018198144,0.021849746,0.028494463,0.014606405,0.019574978,0.015803652,0.03358276,0.024962586,0.027536666,0.028614187,0.026159832,0.017360072,0.016162826,0.01628255,0.011553427,0.015264891,0.014606405,0.017479796,0.018377731,0.021011673,0.020712362,0.01472613,0.018018557,0.01861718,0.019754565,0.023825202,0.022149057,0.011194253,0.01215205,0.010416043,0.016641724,0.015085304,0.014247231,0.012451362,0.012630949
2024-10-03,3.792540025954595,0.029812787,0.01949841,0.034334158,0.033062522,0.02797598,0.021193924,0.028753091,0.038643589,0.032567997,0.023595903,0.029459555,0.033839633,0.017308372,0.022536206,0.026774991,0.016389968,0.017096432,0.01123278,0.030660544,0.029318262,0.024514306,0.027552102,0.02522077,0.015400918,0.018862593,0.014341222,0.013634758,0.015118333,0.019922289,0.01575415,0.026563052,0.020204875,0.022253621,0.015259626,0.016036736,0.018156129,0.018933239,0.017096432,0.024090427,0.011162134,0.010667609,0.012787001,0.017025786,0.015330272,0.018156129,0.012716355,0.009184034
2024-10-10,3.785962541355069,0.036670062,0.021668673,0.03250301,0.032040004,0.029632373,0.022502084,0.028613761,0.03648486,0.028058154,0.026113529,0.028706362,0.034169831,0.01666821,0.022687286,0.028058154,0.016760811,0.017409019,0.011667747,0.033614224,0.033243819,0.026391333,0.029817576,0.026298731,0.017872025,0.02065006,0.013797574,0.013334568,0.015001389,0.016853412,0.010649134,0.021113066,0.016297805,0.021020465,0.01824243,0.012408556,0.01824243,0.019724049,0.016853412,0.023335494,0.012964163,0.011389944,0.011945551,0.016760811,0.010186128,0.015001389,0.014630984,0.011945551
2024-10-17,3.760322789337736,0.044366197,0.020657277,0.047535211,0.027112676,0.030046948,0.02241784,0.032394366,0.031807512,0.026995305,0.024295775,0.026760563,0.026525822,0.015258216,0.019483568,0.031220657,0.018309859,0.018075117,0.01443662,0.036619718,0.033920188,0.029929577,0.033568075,0.028286385,0.017957746,0.014319249,0.016666667,0.01185446,0.01842723,0.016666667,0.018309859,0.021830986,0.011384977,0.022887324,0.017018779,0.009624413,0.008920188,0.014788732,0.021948357,0.025352113,0.01185446,0.01056338,0.010211268,0.013967136,0.011737089,0.011384977,0.01056338,0.011737089
2024-10-24,3.7455520053396896,0.049507484,0.02776001,0.040040936,0.029423052,0.038377894,0.024433926,0.02776001,0.031086094,0.022387105,0.022387105,0.024561852,0.026096968,0.014967379,0.018549316,0.032365358,0.016758347,0.018165537,0.012153,0.03748241,0.039273379,0.029806831,0.028015863,0.026352821,0.018293463,0.01317641,0.015223231,0.013304337,0.016630421,0.016246642,0.013560189,0.01803761,0.014839452,0.020851989,0.020212358,0.010873737,0.011385442,0.02289881,0.037098631,0.019188947,0.010362031,0.006268389,0.012664705,0.0145836,0.007675579,0.007931431,0.010234105,0.01074581
2024-10-31,3.725645849203163,0.046081678,0.03807947,0.040700883,0.029387417,0.049806843,0.020833333,0.030905077,0.034492274,0.026490066,0.025524283,0.025386313,0.027593819,0.015038631,0.018073951,0.033664459,0.012969095,0.01834989,0.005242826,0.037665563,0.035596026,0.025524283,0.033112583,0.023730684,0.016418322,0.014486755,0.0151766,0.011589404,0.019177704,0.019315673,0.012417219,0.009933775,0.012279249,0.020005519,0.01683223,0.012969095,0.008416115,0.016970199,0.032422737,0.016004415,0.010485651,0.00607064,0.009519868,0.017246137,0.011175497,0.009933775,0.010899558,0.016004415
2024-11-07,3.7064652492786903,0.055636682,0.037821262,0.050817757,0.027599299,0.061331776,0.019713785,0.032272196,0.026869159,0.022050234,0.026431075,0.02234229,0.021320093,0.015040888,0.018253505,0.034462617,0.010075935,0.026139019,0.009345794,0.026285047,0.03869743,0.020297897,0.030957944,0.027015187,0.014456776,0.01416472,0.011244159,0.011682243,0.01489486,0.021174065,0.009199766,0.013580607,0.016939252,0.025408879,0.018399533,0.007593458,0.008615654,0.015478972,0.024094626,0.017961449,0.009053738,0.012704439,0.010221963,0.021466121,0.011390187,0.010514019,0.00744743,0.011536215
2024-11-14,3.686915889944864,0.052771914,0.039995556,0.061882013,0.029107877,0.070325519,0.023552939,0.035329408,0.023108543,0.022108655,0.033996223,0.023108543,0.024552827,0.014220642,0.016664815,0.030774358,0.012220864,0.020886568,0.009110099,0.030329963,0.032551939,0.028441284,0.023997334,0.023219642,0.019442284,0.010554383,0.013331852,0.012554161,0.012665259,0.017553605,0.011776469,0.012665259,0.017220309,0.022219753,0.017220309,0.011109877,0.009332296,0.011554272,0.017998,0.015109432,0.012776358,0.013442951,0.008887901,0.014776136,0.011332074,0.006665926,0.007665815,0.00988779
2024-11-21,3.615313936459532,0.062656642,0.04203691,0.072567783,0.035543404,0.090681249,0.02836637,0.0371383,0.022214627,0.021986785,0.025746184,0.021075416,0.019594441,0.011278195,0.015379357,0.027796765,0.01070859,0.018796992,0.009911141,0.034973798,0.031556163,0.02346776,0.024037366,0.022214627,0.015948963,0.017088175,0.012987013,0.01173388,0.012645249,0.011164274,0.011164274,0.017316017,0.010138984,0.025062657,0.014126225,0.010936432,0.011050353,0.011392117,0.013328776,0.01367054,0.008658009,0.010480747,0.009911141,0.015151515,0.008430166,0.005696058,0.005923901,0.006265664
2024-11-28,3.6432895537800927,0.065833692,0.04549763,0.070745368,0.031193451,0.081947436,0.020853081,0.03145196,0.023524343,0.019474364,0.025506247,0.021370099,0.020766911,0.011632917,0.016027574,0.027229642,0.009737182,0.021370099,0.010857389,0.036191297,0.026109436,0.027229642,0.021714778,0.019474364,0.01749246,0.013183972,0.016286084,0.012580784,0.012063766,0.016286084,0.007582938,0.01749246,0.008616975,0.022576476,0.017147781,0.013270142,0.0139595,0.011374408,0.015338216,0.01413184,0.009478673,0.01413184,0.011202068,0.016803102,0.012753124,0.010081861,0.005945713,0.004480827
2024-12-05,3.6899065770940784,0.063014071,0.040989736,0.055808579,0.02732649,0.063285976,0.023587791,0.025695058,0.025355176,0.025219224,0.031201142,0.023111957,0.021276596,0.011691931,0.015158725,0.026238869,0.011080144,0.018421589,0.012371695,0.040785807,0.034871865,0.030453402,0.020800761,0.025695058,0.017741826,0.016518252,0.015770512,0.009244783,0.011080144,0.015634559,0.005981918,0.01617837,0.00985657,0.021412548,0.017877779,0.013663245,0.013935151,0.013187411,0.016450275,0.01543063,0.010944191,0.016246346,0.016042417,0.015158725,0.013935151,0.013119434,0.005710013,0.005438108
2024-12-12,3.713163125515432,0.064371661,0.033777586,0.056709653,0.029568877,0.050126801,0.019802514,0.031889063,0.029622835,0.023903308,0.031349485,0.021906869,0.019856472,0.011924675,0.015809637,0.027086818,0.01327362,0.017967949,0.008039713,0.032914261,0.032536556,0.02654724,0.024227054,0.026924945,0.018291696,0.01818378,0.014029029,0.009604489,0.012572169,0.016079426,0.008201586,0.014892354,0.009226785,0.017967949,0.015270059,0.018777316,0.017644202,0.021583122,0.016295257,0.022068742,0.0093347,0.018615443,0.01818378,0.013165704,0.015809637,0.010036152,0.008147629,0.005881401
2024-12-19,3.739927321374135,0.054965287,0.024931917,0.04894327,0.035748533,0.036132101,0.020597599,0.02800046,0.037129377,0.029879943,0.028575812,0.02477849,0.022438725,0.012657742,0.016148211,0.026657972,0.016148211,0.017759196,0.009435772,0.034329331,0.031414215,0.02800046,0.024203138,0.025929193,0.021326378,0.017567412,0.012964597,0.0110084,0.012849526,0.012772813,0.009512485,0.017183844,0.011200184,0.018296191,0.016531779,0.018449618,0.025507269,0.023359288,0.013923517,0.024931917,0.008246711,0.016339995,0.017797553,0.014076944,0.013501592,0.014882436,0.009397415,0.003567182
2024-12-26,3.7630493695097176,0.050477736,0.025809747,0.04431825,0.031338261,0.028153356,0.02151313,0.028003125,0.0354546,0.033381407,0.0294153,0.024788174,0.022444565,0.013010035,0.01547383,0.023976924,0.017396791,0.015083228,0.011718046,0.030196503,0.030106364,0.024667989,0.026921459,0.029054744,0.018027763,0.018388318,0.014241933,0.011177213,0.014512349,0.015413737,0.013160267,0.017096328,0.00838291,0.021993871,0.017066282,0.018057809,0.024127156,0.026771228,0.016916051,0.022684935,0.00910402,0.019109429,0.022714981,0.013610961,0.01264948,0.015864431,0.011988462,0.004236524
2025-01-02,3.70276080597981,0.043132173,0.034912995,0.044613106,0.016327286,0.018696779,0.016956683,0.049241022,0.045205479,0.028100703,0.025435024,0.024879674,0.015623843,0.004887079,0.006627175,0.015957053,0.010773787,0.013513514,0.01214365,0.01281007,0.040059237,0.051499445,0.020362829,0.035468345,0.019659385,0.032025176,0.012884117,0.008811551,0.010884857,0.014068863,0.012661977,0.030248056,0.018326546,0.020436875,0.022769345,0.008515365,0.024213254,0.025435024,0.013624583,0.033839319,0.010329508,0.016660496,0.018548686,0.010736764,0.016845613,0.012736024,0.010181414,0.008330248
2025-01-09,3.792742443926096,0.029510302,0.024010274,0.03579206,0.033474789,0.023675247,0.020799598,0.032050924,0.031576302,0.030096599,0.026076274,0.021916355,0.022000112,0.010413758,0.013875705,0.02593668,0.023507734,0.019431571,0.014322408,0.02981741,0.030152437,0.026467139,0.025099112,0.025573734,0.020855436,0.018901111,0.013959462,0.010497515,0.014936624,0.018231057,0.014769111,0.016667597,0.012479759,0.020967112,0.016388408,0.018035625,0.032134681,0.02127422,0.021190463,0.029063599,0.010441677,0.017979787,0.023479815,0.017421408,0.016555922,0.019682841,0.014071137,0.004439109
2025-01-16,3.806764118503653,0.023076655,0.022170321,0.032767456,0.029943877,0.021194269,0.020671384,0.032697738,0.029734723,0.02844494,0.020287935,0.021891449,0.022065744,0.01007425,0.013629867,0.021508,0.02011364,0.024610451,0.01526824,0.021682295,0.030013595,0.025133336,0.027085439,0.027887196,0.020043922,0.017185485,0.013385854,0.011503468,0.015233381,0.015860843,0.01735978,0.023808694,0.01457106,0.019381601,0.019172447,0.018300973,0.032802315,0.025516785,0.023181232,0.032000558,0.013002405,0.01770837,0.025656221,0.019451319,0.019590755,0.020427371,0.015303099,0.007599261
2025-01-23,3.8146709389981854,0.021500788,0.024684874,0.025833771,0.030298057,0.016609769,0.021566439,0.031217174,0.028788078,0.027934611,0.022452731,0.020712973,0.023174895,0.011488971,0.015986082,0.021435137,0.022288603,0.020844275,0.0169052,0.023700105,0.029477416,0.02524291,0.025571166,0.025636817,0.021074055,0.016183036,0.015231092,0.012572216,0.016183036,0.01953125,0.017988445,0.028426996,0.01795562,0.018874737,0.019038866,0.022058824,0.031479779,0.019564076,0.02238708,0.026326155,0.017331933,0.017003676,0.026227679,0.019170168,0.020942752,0.021041229,0.015789128,0.004267332
2025-01-30,3.8196363906302944,0.021447449,0.02680084,0.025411669,0.028461069,0.020735922,0.018398048,0.027614014,0.025750491,0.024700142,0.020193806,0.024158027,0.025411669,0.012536423,0.017246053,0.022565562,0.016737819,0.017788168,0.020600393,0.021989564,0.029172596,0.021447449,0.023243207,0.027512367,0.02009216,0.015585824,0.016229586,0.014569357,0.016466762,0.024225791,0.018702988,0.025953785,0.018804635,0.02100698,0.020498746,0.023006031,0.02710578,0.022633327,0.024293556,0.024937318,0.024598496,0.020329335,0.026123196,0.017923697,0.021447449,0.019380633,0.012705835,0.003455987
2025-02-06,3.814648568191605,0.028344053,0.024637523,0.027035866,0.025873033,0.020131545,0.017442494,0.026272757,0.028816454,0.026490788,0.022384534,0.028525746,0.026563465,0.012827501,0.017369817,0.022529888,0.016134307,0.01755151,0.016788401,0.016497693,0.028344053,0.025727679,0.024056107,0.029615902,0.017406156,0.016243323,0.016243323,0.014499073,0.018205603,0.021657764,0.021439733,0.029434209,0.021912133,0.017079109,0.019114067,0.020494931,0.021912133,0.017151786,0.027362913,0.024128784,0.024928231,0.022638904,0.024346815,0.020567608,0.020167884,0.017115448,0.012282423,0.00370653
2025-02-13,3.811051380126643,0.02489019,0.023995445,0.021961933,0.026110298,0.020660485,0.015088661,0.027533756,0.031560111,0.024930861,0.019765739,0.026801692,0.027371075,0.01329917,0.017813568,0.019237026,0.013909224,0.016349439,0.010940296,0.018830324,0.028469172,0.026720351,0.027818448,0.028713193,0.01988775,0.016186758,0.01488531,0.012567106,0.015739385,0.022693997,0.022287295,0.030421344,0.025378233,0.018870994,0.020294453,0.016024077,0.026720351,0.018952334,0.022856678,0.019115015,0.025906946,0.031682121,0.023873434,0.022287295,0.024320807,0.015414023,0.014478607,0.006385229
2025-02-20,3.806049433495284,0.025150006,0.024809566,0.019702966,0.022979701,0.018000766,0.010808971,0.026001106,0.031022597,0.027873527,0.022171156,0.028554407,0.026256436,0.013362271,0.018766756,0.020639176,0.014383591,0.017575216,0.010383421,0.019830631,0.027660752,0.025575556,0.027405422,0.029448062,0.021149836,0.017022001,0.015192136,0.013234606,0.015362356,0.022128601,0.020766841,0.028894847,0.027788417,0.022128601,0.018383761,0.018724201,0.024724456,0.014851696,0.026809651,0.021873271,0.024979786,0.034597217,0.022000936,0.024596791,0.023405251,0.016213456,0.011021746,0.00578748
2025-02-27,3.805575736227353,0.024774988,0.019043108,0.018948366,0.019658929,0.015679773,0.012032212,0.026717196,0.029464709,0.027901468,0.021695879,0.025343439,0.026764567,0.013074372,0.018190431,0.02070109,0.0144955,0.018948366,0.009237328,0.015963998,0.031217432,0.02486973,0.025722406,0.031359545,0.023022264,0.019327333,0.016674562,0.013500711,0.013595452,0.021364282,0.019943155,0.018948366,0.02955945,0.021601137,0.019327333,0.016200853,0.027143534,0.018758882,0.024490763,0.023164377,0.024301279,0.038986262,0.027948839,0.027001421,0.025153955,0.015821885,0.014921838,0.007437234
2025-03-06,3.807108721270148,0.023150994,0.024021717,0.018029092,0.023663184,0.013112067,0.015724237,0.029707027,0.030833846,0.031089941,0.027914362,0.02438025,0.029194837,0.014341323,0.01813153,0.026275353,0.019104692,0.023458308,0.013265724,0.02125589,0.033138701,0.024687564,0.028938742,0.027043639,0.02176808,0.018080311,0.015468142,0.012804753,0.013829133,0.024226593,0.018029092,0.017312026,0.021307109,0.016902274,0.017465683,0.017260807,0.019360787,0.018746159,0.026019258,0.019770539,0.01920713,0.033599672,0.026121696,0.023048556,0.026326572,0.015109609,0.011626716,0.006146281
2025-03-13,3.810565933427201,0.022237777,0.020891665,0.017984062,0.023745423,0.01233039,0.016799483,0.031122119,0.034406634,0.028052983,0.026545337,0.024553091,0.031714409,0.014591859,0.018360974,0.025522292,0.023206978,0.0229916,0.015722593,0.024714624,0.030206763,0.024283868,0.026868404,0.025629981,0.022883911,0.019114796,0.014645703,0.011899634,0.013568813,0.022830067,0.020083997,0.01819944,0.023260823,0.018522507,0.015991816,0.014645703,0.022560844,0.01663795,0.02358389,0.018253285,0.018576351,0.03160672,0.022183933,0.023476201,0.029506784,0.015130304,0.011307344,0.009045876
2025-03-20,3.811387016133736,0.021539638,0.022750446,0.02032883,0.026064237,0.015931685,0.019118022,0.031098649,0.033647719,0.028485853,0.023770074,0.024152434,0.027848585,0.014720877,0.016760133,0.0293143,0.021921998,0.025873056,0.019309202,0.025044609,0.033010451,0.022495539,0.025363242,0.027275045,0.024343615,0.021157278,0.018544481,0.014211063,0.013255162,0.018799388,0.017142493,0.018926842,0.024152434,0.019500382,0.016186592,0.015613051,0.025172062,0.014211063,0.02657405,0.017524853,0.016568952,0.027593678,0.01994647,0.02013765,0.024279888,0.012872801,0.010514912,0.006946215
2025-03-27,3.80338044826024,0.019898773,0.018997435,0.024128129,0.027872149,0.01067739,0.023920128,0.030229495,0.033626846,0.029536158,0.029605491,0.022949456,0.026554808,0.013381405,0.016432088,0.030645497,0.024128129,0.029882826,0.018858767,0.032101505,0.03314151,0.024128129,0.025029467,0.026762809,0.027040144,0.018928101,0.018096097,0.01442141,0.014005408,0.016986757,0.019621438,0.021770783,0.022256119,0.0187201,0.017056091,0.012826735,0.026970811,0.014906746,0.022117451,0.023018789,0.012965402,0.01816543,0.014352077,0.020176108,0.019621438,0.014005408,0.009706718,0.009776052
2025-04-03,3.7860284875151686,0.020458944,0.021749148,0.022578564,0.022209935,0.016127546,0.037600221,0.029398212,0.029213897,0.025711916,0.028660953,0.024698184,0.021104046,0.011888305,0.015113814,0.040364943,0.028476638,0.031702147,0.017509907,0.028292323,0.03584923,0.032162934,0.023039351,0.02626486,0.026449175,0.017233435,0.016035388,0.012625564,0.014100083,0.015113814,0.017694222,0.015574601,0.020643259,0.017233435,0.017509907,0.011796148,0.029858999,0.014468713,0.024790342,0.026172703,0.011611833,0.01207262,0.013915768,0.021749148,0.022394249,0.012256935,0.008294166,0.010229472
2025-04-10,3.790872074711325,0.022538884,0.020210487,0.021980069,0.019092856,0.026078048,0.035298501,0.0230977,0.027102543,0.030082891,0.024401602,0.024867281,0.019651672,0.011176306,0.015646829,0.046195399,0.024401602,0.029710347,0.008847909,0.026916271,0.024587874,0.024867281,0.017695818,0.027661358,0.020769302,0.016857595,0.023190835,0.016019372,0.014622334,0.020862438,0.018627177,0.01313216,0.022818292,0.030176027,0.020396759,0.013411567,0.036974946,0.013039024,0.02896526,0.018161498,0.013970383,0.010896899,0.016578188,0.020117351,0.020676167,0.016671323,0.010617491,0.010338083
2025-04-17,3.779715242335224,0.019631367,0.012760388,0.025738903,0.017777293,0.018758861,0.032718944,0.027047661,0.030973934,0.016468535,0.020067619,0.026284219,0.020940124,0.011233504,0.012869451,0.054313447,0.027483913,0.027483913,0.01766823,0.039589923,0.033155197,0.023012324,0.020394809,0.025411713,0.021049187,0.024212019,0.022357945,0.012106009,0.016795725,0.01734104,0.014832588,0.021049187,0.015268841,0.024866398,0.014941651,0.015377904,0.034354891,0.018540735,0.028465482,0.016904788,0.012106009,0.011342567,0.010470062,0.026284219,0.01734104,0.01559603,0.014723525,0.011887883
2025-04-24,3.792397959751396,0.024893918,0.021499293,0.024752475,0.018528996,0.021499293,0.036209335,0.02446959,0.030410184,0.021923621,0.018528996,0.024045262,0.021216407,0.011598303,0.015700141,0.043988685,0.029420085,0.029137199,0.018811881,0.038755304,0.034087694,0.029278642,0.016407355,0.027722772,0.017397454,0.015841584,0.021216407,0.014427157,0.015700141,0.016265912,0.012588402,0.017538897,0.014851485,0.024328147,0.016831683,0.017680339,0.028288543,0.015275813,0.030551627,0.020084866,0.013154173,0.013578501,0.012446959,0.018387553,0.01980198,0.011598303,0.015134371,0.014144272
2025-05-01,3.7953958575247593,0.029058296,0.021345291,0.022421525,0.024932735,0.027623318,0.029058296,0.023497758,0.021345291,0.022600897,0.021524664,0.025650224,0.015426009,0.011121076,0.013991031,0.050224215,0.019730942,0.025470852,0.015605381,0.026188341,0.0367713,0.035874439,0.017219731,0.028520179,0.016502242,0.022242152,0.022780269,0.015246637,0.021524664,0.015784753,0.018295964,0.022959641,0.011659193,0.015426009,0.015246637,0.015426009,0.023139013,0.020269058,0.031569507,0.015964126,0.01309417,0.014887892,0.019730942,0.018834081,0.015784753,0.010224215,0.017040359,0.021165919
2025-05-08,3.792274488644957,0.029122145,0.018437042,0.027027027,0.020951184,0.027655563,0.030169705,0.02618898,0.021160696,0.013408758,0.016760947,0.024512885,0.014246805,0.010056568,0.013199246,0.039178714,0.020113136,0.014037293,0.016132411,0.032893358,0.031845799,0.047978211,0.020113136,0.028703122,0.015294364,0.016341923,0.021579719,0.015713388,0.021370207,0.015294364,0.019065577,0.020322648,0.015713388,0.022208255,0.016970459,0.011942175,0.030169705,0.016760947,0.028703122,0.012780222,0.016341923,0.021789231,0.021789231,0.023255814,0.021579719,0.012780222,0.014037293,0.024303373
2025-05-15,3.800811889965196,0.024846039,0.016776386,0.033340412,0.02166065,0.020386494,0.029942663,0.021235931,0.01847526,0.019324697,0.02463368,0.025270758,0.020811213,0.014440433,0.01550223,0.035888724,0.023571884,0.025695477,0.010405606,0.021235931,0.033128053,0.02166065,0.019112338,0.022085368,0.018899979,0.016776386,0.029730304,0.018262901,0.02166065,0.019749416,0.019324697,0.014652793,0.010617966,0.032703334,0.01847526,0.014228074,0.026332555,0.014440433,0.02463368,0.014015715,0.014865152,0.025695477,0.022510087,0.021448291,0.010193247,0.013590996,0.015714589,0.042047144
2025-05-22,3.780357053236232,0.021927588,0.014788373,0.017083121,0.029831719,0.016318205,0.021672616,0.013258542,0.031871494,0.020652728,0.018103009,0.028046915,0.023712392,0.016573177,0.021162672,0.031871494,0.014023457,0.027536971,0.013768485,0.023202448,0.034931158,0.024987251,0.023712392,0.026517083,0.02218256,0.012238654,0.040030597,0.018612953,0.018103009,0.018612953,0.014788373,0.018357981,0.017848037,0.0209077,0.014023457,0.023967364,0.018103009,0.010198878,0.03008669,0.018103009,0.015043345,0.02345742,0.019887812,0.032126466,0.007904131,0.006374299,0.014278429,0.049209587
2025-05-29,3.768206282086413,0.020360825,0.008505155,0.015979381,0.019587629,0.022680412,0.017783505,0.012886598,0.025515464,0.021391753,0.012628866,0.026804124,0.027319588,0.021649485,0.023453608,0.024742268,0.016752577,0.019845361,0.01056701,0.028608247,0.027319588,0.019587629,0.018041237,0.025,0.016494845,0.014690722,0.041752577,0.017783505,0.019845361,0.02628866,0.016494845,0.017010309,0.011597938,0.018041237,0.017783505,0.016752577,0.021134021,0.014175258,0.022938144,0.015721649,0.017525773,0.032216495,0.018814433,0.025773196,0.010309278,0.016494845,0.032216495,0.071134021
2025-06-05,3.725130504347773,0.017883035,0.010633156,0.019574674,0.01739971,0.023199613,0.009908168,0.017641373,0.029966167,0.016433059,0.010149831,0.030932818,0.030691155,0.022716288,0.025857902,0.026824553,0.015224746,0.019574674,0.011116481,0.018608023,0.028032866,0.017641373,0.01739971,0.025374577,0.015466409,0.016674722,0.036007733,0.021749638,0.018608023,0.024649589,0.022474625,0.016674722,0.013291445,0.020299662,0.013291445,0.016433059,0.016433059,0.007974867,0.042532624,0.012083132,0.016916385,0.018124698,0.021749638,0.025857902,0.011599807,0.018124698,0.015708072,0.094490092
2025-06-12,3.718355023890931,0.012810852,0.008791761,0.01582517,0.012559658,0.018085908,0.011052499,0.010550113,0.025872896,0.018085908,0.016076363,0.029640794,0.03089676,0.02059784,0.026124089,0.025621703,0.011554886,0.025621703,0.014820397,0.01507159,0.021100226,0.021100226,0.023109771,0.028384828,0.01507159,0.010801306,0.03491585,0.027128862,0.022858578,0.028133635,0.018337101,0.015573976,0.012559658,0.018588294,0.016578749,0.01582517,0.019090681,0.010801306,0.029138407,0.008038181,0.015322783,0.01984426,0.019593067,0.031399146,0.013313238,0.026877669,0.029138407,0.097714142
2025-06-19,3.644743472961899,0.011690842,0.006278415,0.019484737,0.01558779,0.006061918,0.006061918,0.01407231,0.027062135,0.01926824,0.013422819,0.032907556,0.027928123,0.018185754,0.023598181,0.020783719,0.008226889,0.021216714,0.012773328,0.027278632,0.017103269,0.019701234,0.022082702,0.023165187,0.019484737,0.016886772,0.030526088,0.022515696,0.015154795,0.023165187,0.012123836,0.008226889,0.005412427,0.025113661,0.020134228,0.013422819,0.012123836,0.009742368,0.041567439,0.01255683,0.024680667,0.017103269,0.025113661,0.027278632,0.021000216,0.031608573,0.024031176,0.127083784
2025-06-26,3.561879797669609,0.008765301,0.012241197,0.008916427,0.013450204,0.007858546,0.006196161,0.009520931,0.034154451,0.025086897,0.009672057,0.028260541,0.025389149,0.019192988,0.02644703,0.018135107,0.008160798,0.017983981,0.009672057,0.018135107,0.010578812,0.021459876,0.021006498,0.022366631,0.02206438,0.016623848,0.025238023,0.018437358,0.019344114,0.019646365,0.022820009,0.003627021,0.010578812,0.016321596,0.015414841,0.012996826,0.026295904,0.007254043,0.022215506,0.019041862,0.022668883,0.02644703,0.021006498,0.028411667,0.014659211,0.028109415,0.028562793,0.169563246
2025-07-03,3.541199836173472,0.006464124,0.007218272,0.008618832,0.01335919,0.009911657,0.007756949,0.011419953,0.033074768,0.021762551,0.011204482,0.027041586,0.03350571,0.017776341,0.026071967,0.02273217,0.010989011,0.012389571,0.008511097,0.035121741,0.011419953,0.018961431,0.018961431,0.025210084,0.013574661,0.015082956,0.019284637,0.020577462,0.019176902,0.026287438,0.016806723,0.005925447,0.012389571,0.012066365,0.010558069,0.010558069,0.017453135,0.009480715,0.018422754,0.021870287,0.023594053,0.027364792,0.02413273,0.03070459,0.019715579,0.021116139,0.02811894,0.176255117
2025-07-10,3.587249795876028,0.005655209,0.009189715,0.010161704,0.019174693,0.013784572,0.008571176,0.013961297,0.027569144,0.017672528,0.009631528,0.030838561,0.032252364,0.018997968,0.027657506,0.01572855,0.011398781,0.013166033,0.009101352,0.028276045,0.013607847,0.022974286,0.017142352,0.018997968,0.014756561,0.014138022,0.021825572,0.017849253,0.017672528,0.020058319,0.01908633,0.012194044,0.012812583,0.00936644,0.010956967,0.010956967,0.018467792,0.007775912,0.019793231,0.023239374,0.029601484,0.026862243,0.024388089,0.033666166,0.025006627,0.021472122,0.03313599,0.159406203
2025-07-17,3.66049597534115,0.007084064,0.011267035,0.01214411,0.018216165,0.011874241,0.006409391,0.014033194,0.027189313,0.017204156,0.011536905,0.031304817,0.032856565,0.018418567,0.026986911,0.015719876,0.010794765,0.015045203,0.010389961,0.02503036,0.014910269,0.020847389,0.016394549,0.022669006,0.01612468,0.01686682,0.021724464,0.016664418,0.017743894,0.023006342,0.020375118,0.011199568,0.013830792,0.011469437,0.013088652,0.012413979,0.018081231,0.008298475,0.018823371,0.020982324,0.022736473,0.03569019,0.025097828,0.037511807,0.025232762,0.032046957,0.043921198,0.11874241
2025-07-24,3.7246442837348006,0.006277432,0.009441666,0.009849954,0.015412881,0.015310809,0.011125855,0.013932837,0.030009186,0.020618557,0.014188017,0.031336123,0.030162295,0.017556395,0.026640808,0.018475043,0.009798918,0.015004593,0.009696846,0.0252118,0.015923242,0.023476574,0.018015719,0.023629683,0.015974278,0.017046035,0.02250689,0.016790854,0.017454323,0.020924773,0.023833827,0.01582117,0.014034909,0.015004593,0.013014188,0.014749413,0.016790854,0.011381035,0.017454323,0.024599367,0.027049097,0.030213331,0.021690313,0.040063285,0.021384097,0.051393284,0.047616617,0.072113912
2025-07-31,3.7527515383976553,0.006704467,0.008696652,0.015784231,0.01421347,0.015937476,0.011608306,0.012451153,0.028350318,0.020036779,0.013447245,0.030342502,0.031683396,0.017048502,0.027928894,0.021186116,0.012297908,0.017508237,0.012489464,0.021032871,0.016090721,0.020764692,0.020113401,0.026281511,0.016627078,0.017776416,0.021760785,0.015477741,0.018389395,0.021071182,0.023139989,0.012681021,0.014749828,0.017316681,0.015477741,0.015822542,0.01915562,0.011033637,0.014903073,0.022067275,0.028082139,0.033522335,0.024251015,0.036702168,0.026741246,0.053903915,0.048578653,0.048770209
2025-08-07,3.778671163283806,0.008426121,0.014344468,0.020229378,0.018055974,0.018055974,0.012940114,0.017621293,0.027719263,0.023272144,0.013776039,0.030962651,0.02909018,0.015715384,0.023639951,0.024843682,0.01387635,0.018290032,0.01210419,0.0179891,0.017487545,0.022737152,0.020964991,0.023874009,0.019393453,0.011669509,0.019995319,0.013909787,0.016718494,0.020630622,0.019159394,0.013475106,0.015046645,0.016049754,0.012037316,0.020697496,0.020496874,0.015146956,0.016818805,0.023405892,0.022837463,0.039555957,0.02564617,0.036045073,0.026214599,0.049185809,0.045006186,0.034841341
2025-08-14,3.79159037264508,0.011668041,0.020251077,0.021167415,0.011820764,0.032713278,0.019945631,0.023733162,0.033201992,0.024924402,0.017318794,0.035187391,0.017746419,0.011026604,0.016219188,0.02391643,0.011087694,0.015150127,0.015180671,0.014233788,0.018876569,0.031827484,0.01649409,0.031308226,0.019395828,0.016768991,0.021228504,0.010324078,0.015272305,0.017502062,0.022144843,0.019487461,0.025810196,0.022358655,0.015333394,0.01569993,0.013286906,0.019853997,0.01609701,0.024038608,0.021411772,0.027123614,0.022205932,0.025810196,0.024527322,0.045022756,0.038577843,0.025718562
2025-08-21,3.805935082471543,0.009470885,0.016130776,0.018141717,0.021731139,0.019028261,0.019071507,0.022444699,0.026034121,0.020628365,0.013319783,0.022033862,0.019439099,0.01029256,0.016044284,0.026358466,0.017493027,0.021385171,0.014422557,0.023915065,0.020174282,0.02638009,0.018033602,0.027136895,0.019547214,0.013795489,0.021190564,0.012757584,0.016065907,0.018379571,0.0188769,0.017298419,0.021082449,0.020671611,0.017406534,0.02423941,0.028801868,0.016822713,0.022617683,0.024866478,0.019698575,0.030358726,0.03195883,0.027590979,0.027288257,0.045494843,0.036348304,0.01773088
2025-08-28,3.8137204545715,0.010737923,0.017311242,0.020372788,0.02386205,0.021250732,0.021993607,0.021565891,0.022173698,0.019967584,0.014452298,0.021160686,0.018526856,0.010422763,0.014857503,0.026315789,0.01776147,0.025482869,0.017671424,0.022894062,0.01809914,0.023614425,0.018391788,0.02566296,0.01809914,0.013709423,0.018706947,0.012583855,0.017468822,0.020260231,0.019810004,0.019494845,0.018121651,0.023501868,0.018661924,0.030525415,0.028679483,0.016770969,0.024177209,0.023997119,0.020800504,0.0233668,0.031335825,0.028566926,0.02863446,0.040115258,0.03340687,0.014654901
2025-09-04,3.808125294034818,0.010910741,0.018056028,0.021254395,0.029034819,0.020596575,0.021640014,0.025042531,0.019575819,0.019212884,0.014222525,0.019167517,0.015969151,0.009028014,0.013836906,0.026267438,0.019893388,0.022774186,0.018033345,0.018214812,0.021571963,0.023295906,0.017693093,0.023318589,0.017466258,0.012725417,0.01912215,0.012906884,0.016241352,0.01642282,0.020664625,0.019076783,0.021322445,0.027900646,0.019439719,0.031280481,0.023545424,0.017874561,0.03107633,0.025609618,0.021072927,0.02477033,0.031529999,0.026993308,0.031484632,0.039219689,0.031189747,0.012453215
2025-09-11,3.809599551718503,0.011036675,0.015056205,0.019893267,0.028363802,0.018621551,0.019620756,0.019484501,0.020415579,0.020824344,0.016623141,0.022550244,0.017826729,0.010060179,0.015192461,0.027341887,0.021482911,0.02323152,0.017054616,0.019779721,0.017713183,0.022345861,0.018553423,0.023640286,0.019461792,0.012603611,0.01837175,0.016691268,0.018962189,0.016282503,0.018530714,0.017304417,0.02180084,0.027614398,0.021142273,0.032587714,0.024185307,0.018462587,0.033814012,0.021460202,0.020778926,0.025070966,0.033178154,0.02382196,0.0298399,0.040717611,0.029612808,0.010991257
2025-09-18,3.810377897628928,0.010981393,0.009761238,0.015972935,0.024347633,0.016638474,0.020770361,0.020104822,0.025096364,0.016888051,0.016749397,0.02492998,0.018524167,0.011258701,0.015584704,0.027120712,0.02176867,0.022656055,0.019272899,0.023321594,0.016527551,0.022988824,0.018440975,0.026261058,0.018773744,0.016028396,0.021546823,0.013560356,0.017359474,0.018884668,0.016194781,0.018746014,0.024403095,0.028174482,0.02282244,0.026455173,0.022267824,0.019688861,0.037076066,0.021463631,0.022794709,0.022988824,0.02914506,0.024957711,0.035190372,0.038018912,0.024375364,0.013116663
2025-09-25,3.821511419588661,0.012055013,0.010956076,0.019414566,0.025908289,0.020380299,0.017682907,0.018182424,0.024243232,0.018149123,0.020580106,0.023444004,0.018981651,0.012055013,0.018981651,0.024709448,0.019214759,0.026207999,0.015551633,0.022544873,0.017316594,0.022944487,0.019947384,0.027773153,0.020513504,0.015518332,0.021079623,0.012987445,0.019014952,0.017682907,0.021013021,0.017916015,0.01981418,0.025575277,0.022345066,0.024909254,0.025475374,0.017749509,0.033667455,0.025408772,0.020080589,0.0233108,0.029171801,0.025342169,0.033634154,0.030670352,0.023244197,0.016650571
2025-10-02,3.819283679339384,0.014815421,0.012032414,0.023573709,0.026356716,0.020790701,0.01698453,0.019603831,0.023901121,0.02009495,0.020299583,0.023778342,0.021159041,0.013423917,0.020626995,0.02762544,0.022100352,0.025169845,0.014569862,0.020913481,0.018949005,0.023369076,0.018949005,0.024883359,0.017843988,0.010804617,0.020545142,0.013382991,0.017557502,0.021772939,0.018744373,0.013423917,0.022714251,0.026520422,0.022714251,0.022468691,0.024678726,0.015347467,0.03396906,0.02283703,0.017189163,0.023369076,0.030981419,0.023982975,0.034296472,0.030244741,0.024555947,0.016084145
2025-10-09,3.8262099124168856,0.017486103,0.012143127,0.023638621,0.025527551,0.022235415,0.019375034,0.021587781,0.024610071,0.024232285,0.0187274,0.025419612,0.022073506,0.01279076,0.021479842,0.028064116,0.022127476,0.026067246,0.012305035,0.026067246,0.020508392,0.020616331,0.018889309,0.028064116,0.017270225,0.012574883,0.02169572,0.013870149,0.019321064,0.017216256,0.021209995,0.016730531,0.02077824,0.025365643,0.020454423,0.021479842,0.024933887,0.017971828,0.027578391,0.025851368,0.01780992,0.018673431,0.026552971,0.021371904,0.028118085,0.028711749,0.026013276,0.014409844
2025-10-16,3.819937621551877,0.024957503,0.024648431,0.024493896,0.029361768,0.02997991,0.017462525,0.029748107,0.027352805,0.02186679,0.01869881,0.025189306,0.019703292,0.011358368,0.01622624,0.028357286,0.019007881,0.027970947,0.011512904,0.02294854,0.024030289,0.020630505,0.023257611,0.025652913,0.0180034,0.012517385,0.020321434,0.012903724,0.021634987,0.019703292,0.022639468,0.013599135,0.020089631,0.026889198,0.022407665,0.017771596,0.018853346,0.018157935,0.030288982,0.030288982,0.017076186,0.020630505,0.018235203,0.017153454,0.020398702,0.022639468,0.021016844,0.01236285
2025-10-23,3.794278993358671,0.027304056,0.03181055,0.028010957,0.041442078,0.029336397,0.020853583,0.034638155,0.024564814,0.022709199,0.018291067,0.023062649,0.019704869,0.012105682,0.017760891,0.037907573,0.018997968,0.023681188,0.00971989,0.019704869,0.023151012,0.019616506,0.023592825,0.025890254,0.018821242,0.012017319,0.01705399,0.011398781,0.019969957,0.016612176,0.019439781,0.012194044,0.011928956,0.021560484,0.019263056,0.01740744,0.022620836,0.020588495,0.043474419,0.024653177,0.015021649,0.021030308,0.012282407,0.018025979,0.018556154,0.018025979,0.019263056,0.014933286
2025-10-30,3.779004558892801,0.033604008,0.031876296,0.033344851,0.035331721,0.02902557,0.028593642,0.032740152,0.024792674,0.031271596,0.02211472,0.021423635,0.017881824,0.011489288,0.016672426,0.03930546,0.014944713,0.02686593,0.008638563,0.023928818,0.029543884,0.022633034,0.021164478,0.026002073,0.019782308,0.0138217,0.019868694,0.01105736,0.021164478,0.019091223,0.016154112,0.011575674,0.015549413,0.021078093,0.017795439,0.018659295,0.022892191,0.024015204,0.039478231,0.021855563,0.010711818,0.010798203,0.010020733,0.012698687,0.016067726,0.017881824,0.013476158,0.011316517
2025-11-06,3.753581605886098,0.033208882,0.034387895,0.038317941,0.033208882,0.039300452,0.020927491,0.032914129,0.023383769,0.026724307,0.025348792,0.021811751,0.015818432,0.010218118,0.013165651,0.052367852,0.0130674,0.022204755,0.010611122,0.028591079,0.029966595,0.023383769,0.019551975,0.028001572,0.016014934,0.013558656,0.020927491,0.011004127,0.019846728,0.013558656,0.011790136,0.014541167,0.013755158,0.018864217,0.015916683,0.019060719,0.025152289,0.022892513,0.032914129,0.034879151,0.01218314,0.014344665,0.007467086,0.015523679,0.011888387,0.017193948,0.011691884,0.008547848
2025-11-13,3.75158062639074,0.039316408,0.031117258,0.034377161,0.025684086,0.03635286,0.023807172,0.031907537,0.026276795,0.026474365,0.02677072,0.018374,0.014126247,0.009878495,0.011854193,0.043465376,0.015212882,0.023510817,0.015212882,0.029931838,0.032697817,0.022127828,0.020152129,0.025980441,0.015114097,0.013434753,0.025684086,0.009483355,0.01876914,0.016694656,0.012051763,0.017682505,0.017287365,0.025288946,0.016101946,0.019460634,0.027067075,0.024202312,0.040600612,0.033488096,0.008890645,0.009483355,0.011261484,0.015608021,0.00819915,0.014422602,0.010076064,0.005038032
2025-11-20,3.714581750655234,0.041549296,0.034976526,0.033568075,0.033685446,0.050234742,0.022887324,0.039671362,0.020657277,0.022183099,0.019835681,0.024530516,0.013849765,0.009389671,0.011267606,0.056924883,0.017957746,0.018192488,0.010798122,0.029812207,0.040610329,0.020657277,0.019014085,0.03157277,0.016314554,0.013967136,0.019131455,0.011737089,0.015023474,0.014201878,0.017957746,0.017840376,0.014084507,0.025821596,0.01185446,0.017723005,0.017957746,0.022065728,0.033215962,0.031455399,0.007511737,0.014201878,0.008802817,0.011267606,0.006924883,0.010446009,0.011737089,0.004929577
2025-11-27,3.694377585130456,0.042986425,0.022491349,0.036731435,0.027548576,0.055363322,0.024886878,0.033803567,0.024620708,0.040191642,0.018365717,0.030077189,0.013574661,0.007718925,0.011445302,0.059755124,0.014107,0.018631887,0.011977642,0.031141869,0.04311951,0.021559755,0.017034868,0.02927868,0.012909236,0.013973915,0.023689114,0.011046047,0.016502529,0.013042321,0.009715198,0.022890604,0.016635614,0.029811019,0.013042321,0.014107,0.015304764,0.024620708,0.024753793,0.030077189,0.008251264,0.006654245,0.009182859,0.011844557,0.00731967,0.014240085,0.008650519,0.005323396
2025-12-04,3.7137147020945753,0.052248062,0.024496124,0.031317829,0.028992248,0.030387597,0.022325581,0.026821705,0.03255814,0.039534884,0.023100775,0.02248062,0.013488372,0.007906977,0.012403101,0.052403101,0.011627907,0.018449612,0.009922481,0.02744186,0.037829457,0.030387597,0.017674419,0.028062016,0.015348837,0.016589147,0.020930233,0.010387597,0.013643411,0.023565891,0.011317829,0.016589147,0.017054264,0.022945736,0.015658915,0.013333333,0.024031008,0.030697674,0.019689922,0.030542636,0.008527132,0.008372093,0.005116279,0.040310078,0.008527132,0.012248062,0.007596899,0.005116279
2025-12-11,3.685113375783414,0.05715658,0.022414345,0.043868076,0.045629203,0.024975985,0.029138649,0.04674992,0.031059878,0.038904899,0.016330451,0.022894653,0.016170349,0.00976625,0.012167787,0.048831252,0.01360871,0.017771374,0.006083894,0.027377522,0.037784182,0.03314121,0.017771374,0.021773935,0.013448607,0.010566763,0.019852706,0.008805636,0.015209734,0.008805636,0.013128402,0.020493116,0.026416907,0.021133525,0.015529939,0.014249119,0.021293628,0.025616394,0.019852706,0.034101825,0.005923791,0.008645533,0.008165226,0.010726865,0.009125841,0.014889529,0.006243996,0.006404099
2025-12-18,3.664711382629363,0.069510269,0.021327014,0.042180095,0.032701422,0.028436019,0.025908373,0.060505529,0.034123223,0.031595577,0.02385466,0.024802528,0.014375987,0.009320695,0.011532385,0.039652449,0.012480253,0.016113744,0.011690363,0.024328594,0.031753555,0.031911532,0.017061611,0.024328594,0.011058452,0.009478673,0.017219589,0.009162717,0.016113744,0.01121643,0.015481833,0.034281201,0.018957346,0.01864139,0.018957346,0.012796209,0.027330174,0.024486572,0.02985782,0.031121643,0.003475513,0.00521327,0.007424961,0.006951027,0.010110585,0.010742496,0.004107425,0.006319115
2025-12-25,3.647777493344623,0.075057559,0.028396009,0.05218726,0.039600921,0.037452034,0.027935533,0.048042978,0.027935533,0.035917114,0.015963162,0.02532617,0.02056792,0.011204912,0.014121259,0.050498849,0.009976976,0.012739831,0.012586339,0.013660783,0.038833461,0.024251727,0.017958557,0.020874904,0.014735226,0.009056025,0.017191097,0.007214121,0.014581734,0.013814275,0.01504221,0.030237913,0.019953952,0.014121259,0.017958557,0.009976976,0.017191097,0.023023791,0.021949348,0.033461243,0.006139678,0.004451266,0.007214121,0.012125863,0.010590944,0.009823484,0.003530315,0.00552571
2026-01-01,3.580969652987305,0.075887599,0.030960794,0.037186606,0.02725896,0.055864042,0.04088844,0.074709743,0.041056705,0.036513545,0.028100286,0.028268551,0.011610298,0.005721016,0.008413259,0.029446408,0.006394077,0.005047956,0.011273767,0.016321723,0.044253744,0.041898031,0.013124685,0.021706209,0.012115093,0.015985193,0.014639071,0.005721016,0.013461215,0.005889282,0.007908464,0.01850917,0.020191822,0.010768972,0.014470806,0.011778563,0.008076729,0.021201413,0.024566717,0.028268551,0.011778563,0.003028773,0.006898873,0.006562342,0.012788154,0.011273767,0.005384486,0.016826519
2026-01-08,3.676898402360137,0.065146986,0.022795217,0.039985052,0.040732436,0.034379671,0.02815147,0.057299452,0.032884903,0.041853513,0.0204285,0.026407573,0.018061784,0.01021425,0.016193323,0.039237668,0.013577479,0.015321375,0.011210762,0.02877429,0.040607872,0.029646238,0.016068759,0.0204285,0.012954659,0.00772297,0.013577479,0.008844046,0.01145989,0.016068759,0.020802192,0.018061784,0.013702043,0.017438964,0.012207275,0.014823119,0.016193323,0.015196811,0.030269058,0.029770802,0.006228201,0.00834579,0.011709018,0.010712506,0.011210762,0.012456403,0.006726457,0.004110613
2026-01-15,3.688985442571029,0.062348591,0.027157975,0.036720643,0.041948234,0.03774066,0.034170598,0.051765906,0.030090527,0.048833355,0.023205406,0.030473033,0.016830295,0.009945174,0.011857708,0.030600536,0.014152748,0.019507841,0.013770241,0.026902971,0.032640571,0.030345531,0.021802882,0.020527859,0.014917761,0.007012623,0.01542777,0.008542649,0.015045263,0.015810277,0.014407752,0.017977815,0.024225424,0.013770241,0.013770241,0.013515237,0.018105317,0.01657529,0.02511794,0.025500446,0.006630116,0.010072676,0.009307663,0.008160143,0.008797654,0.010072676,0.005355094,0.008542649
2026-01-22,3.6508435279751295,0.058640171,0.035943892,0.041496201,0.040911748,0.036625755,0.049678551,0.04344438,0.0316579,0.057373855,0.022696279,0.026787454,0.017338788,0.010130528,0.017241379,0.033606078,0.017241379,0.015585428,0.011007208,0.030294175,0.041106565,0.019481785,0.019774011,0.017436197,0.017046561,0.008766803,0.017533606,0.007403078,0.014611338,0.007890123,0.011689071,0.016754335,0.019968829,0.016754335,0.012078706,0.00993571,0.020650692,0.019481785,0.023183324,0.026690045,0.006039353,0.011396844,0.006721216,0.007597896,0.005552309,0.008377167,0.00272745,0.005649718
2026-01-29,3.6132702365564007,0.059755332,0.034269134,0.057324341,0.04218946,0.024780427,0.053089711,0.047365119,0.038425345,0.05324655,0.030661857,0.028544542,0.02023212,0.011606023,0.0152133,0.042346299,0.018036386,0.013017566,0.00760665,0.025094103,0.044071518,0.020545797,0.02023212,0.016154329,0.016232748,0.012468632,0.012233375,0.006822459,0.011135508,0.01011606,0.011135508,0.014037014,0.025486198,0.011919699,0.009096612,0.009175031,0.018742158,0.015683814,0.023917817,0.01772271,0.004469887,0.005567754,0.004156211,0.009018193,0.006508783,0.01011606,0.003607277,0.006822459
2026-02-05,3.6347606315933616,0.058866332,0.028960198,0.069489922,0.037691916,0.025613039,0.040893546,0.038783381,0.034999636,0.051880958,0.026340683,0.028669141,0.021101652,0.014843921,0.020010187,0.03674598,0.021392709,0.014261806,0.010478062,0.030779306,0.04365859,0.017754493,0.017245143,0.013897984,0.011205705,0.01331587,0.015426035,0.006621553,0.009677654,0.008513425,0.010332533,0.019573601,0.030197191,0.010769119,0.007494725,0.01062359,0.020082951,0.021174416,0.025758568,0.018191079,0.004147566,0.007567489,0.005166266,0.008804482,0.006548788,0.013534163,0.005384559,0.005530088
2026-02-12,3.626868215807818,0.056830803,0.037208441,0.070344317,0.037208441,0.033691225,0.035820067,0.034339134,0.032025176,0.055720104,0.026934469,0.030081451,0.02082562,0.01480933,0.018789337,0.037671233,0.025823769,0.019900037,0.008978156,0.024620511,0.043132173,0.022028878,0.016382821,0.015642355,0.010366531,0.009255831,0.018233987,0.006941873,0.009255831,0.007867456,0.011292114,0.019437245,0.032858201,0.01425398,0.010088856,0.010181414,0.018789337,0.015272121,0.016012588,0.020733062,0.004535357,0.004257682,0.00546094,0.009626064,0.005923732,0.009903739,0.003609774,0.007034432
2026-02-19,3.633056892269381,0.05053046,0.041014984,0.088045499,0.038171279,0.036311933,0.029202669,0.02624959,0.033468227,0.046593022,0.022312151,0.026030843,0.021765285,0.018046593,0.0176091,0.037405666,0.030952641,0.016734114,0.00732801,0.024390244,0.041124357,0.021655912,0.019577819,0.015093514,0.012796675,0.011156076,0.015312261,0.007874877,0.013124795,0.008859237,0.017062233,0.013234168,0.030624521,0.009406103,0.009406103,0.010390463,0.01793722,0.010499836,0.012468555,0.023296511,0.004484305,0.004156185,0.014765394,0.008531117,0.007765504,0.009734223,0.003609319,0.013890408
2026-02-26,3.6719119810165006,0.043876975,0.044159142,0.061512415,0.033577878,0.055869074,0.030756208,0.031461625,0.033860045,0.039926637,0.028498871,0.022996614,0.019751693,0.012556433,0.018481941,0.041055305,0.02285553,0.022150113,0.011145598,0.021021445,0.038656885,0.022009029,0.017494357,0.016224605,0.009029345,0.010440181,0.018340858,0.008041761,0.013120767,0.009734763,0.013120767,0.018058691,0.023984199,0.009593679,0.008606095,0.009452596,0.021867946,0.020880361,0.012979684,0.022714447,0.00522009,0.005925508,0.01241535,0.01001693,0.008465011,0.013120767,0.002962754,0.022009029
2026-03-05,3.6158273589850647,0.040515933,0.038543247,0.080273141,0.048558422,0.052200303,0.040060698,0.048710167,0.030804249,0.030955994,0.022913505,0.020940819,0.020333839,0.014415781,0.02215478,0.03414264,0.030045524,0.020333839,0.01168437,0.019575114,0.036115326,0.015174507,0.015326252,0.01138088,0.008649469,0.021396055,0.021092564,0.007132018,0.01198786,0.009104704,0.013201821,0.018816388,0.033383915,0.008497724,0.008345979,0.013505311,0.015174507,0.009863429,0.010318665,0.01198786,0.007283763,0.00060698,0.006525038,0.013050076,0.006828528,0.004855842,0.005311077,0.027921093
2026-03-12,3.6395629204741846,0.02826087,0.048829431,0.071237458,0.046488294,0.038795987,0.032107023,0.04180602,0.02826087,0.033444816,0.030100334,0.022909699,0.023411371,0.019899666,0.028428094,0.027424749,0.026755853,0.016722408,0.012876254,0.029598662,0.033444816,0.013377926,0.018561873,0.012876254,0.007525084,0.013545151,0.014715719,0.008361204,0.011705686,0.007190635,0.016053512,0.015551839,0.032608696,0.010033445,0.010200669,0.009531773,0.016220736,0.02173913,0.009866221,0.019397993,0.007023411,0.003511706,0.005518395,0.013545151,0.003511706,0.006020067,0.003010033,0.047993311
2026-03-19,3.618897521290184,0.025367647,0.052389706,0.073529412,0.043198529,0.054411765,0.031617647,0.039889706,0.034007353,0.022426471,0.021691176,0.026654412,0.021323529,0.018382353,0.028860294,0.031433824,0.028492647,0.014522059,0.012316176,0.030514706,0.032720588,0.013419118,0.020955882,0.011213235,0.009742647,0.013602941,0.015257353,0.007720588,0.0125,0.010110294,0.018382353,0.012683824,0.012867647,0.010294118,0.007904412,0.009558824,0.012867647,0.010477941,0.018933824,0.013602941,0.004779412,0.002389706,0.004963235,0.0125,0.011397059,0.008455882,0.005882353,0.063786765
2026-03-26,3.653284827764669,0.023602484,0.05300207,0.069979296,0.036231884,0.047204969,0.026086957,0.027122153,0.029606625,0.026086957,0.03126294,0.027122153,0.02194617,0.020910973,0.027743271,0.027536232,0.023809524,0.010973085,0.008488613,0.027122153,0.041821946,0.018426501,0.014699793,0.0126294,0.009937888,0.010973085,0.014906832,0.010144928,0.011387164,0.00931677,0.022567288,0.01573499,0.032091097,0.009937888,0.011801242,0.01242236,0.014492754,0.008902692,0.023602484,0.010973085,0.004554865,0.007867495,0.008074534,0.014285714,0.007867495,0.0126294,0.003726708,0.058385093
2026-04-02,3.606003934201425,0.020961776,0.061652281,0.096177559,0.047595561,0.062145499,0.024660912,0.017509248,0.020961776,0.019482121,0.032799014,0.025647349,0.023921085,0.016522811,0.024167694,0.019235512,0.027866831,0.018988903,0.021454994,0.031812577,0.032059186,0.012083847,0.015043157,0.01134402,0.011837238,0.010110974,0.010850801,0.009371147,0.010850801,0.011837238,0.020221948,0.017755857,0.023427867,0.00838471,0.010604192,0.012083847,0.02244143,0.011837238,0.013316893,0.010357583,0.006905055,0.001972873,0.008631319,0.009864365,0.010110974,0.009617756,0.006411837,0.047102343
2026-04-09,3.622927439109578,0.017900485,0.063713592,0.067961165,0.043082524,0.071601942,0.025788835,0.028519417,0.020934466,0.024575243,0.022148058,0.027002427,0.022754854,0.017293689,0.022451456,0.022148058,0.032160194,0.010315534,0.015473301,0.044296117,0.027305825,0.007584951,0.011529126,0.011832524,0.00788835,0.019417476,0.017597087,0.011225728,0.013046117,0.015169903,0.01092233,0.015776699,0.031856796,0.014563107,0.019720874,0.01243932,0.025788835,0.00788835,0.013956311,0.007281553,0.005461165,0.005157767,0.006067961,0.013652913,0.005764563,0.007584951,0.00788835,0.045509709
2026-04-16,3.621350712353826,0.01313216,0.041911148,0.080469405,0.052808047,0.056999162,0.031573065,0.030176027,0.024587874,0.012573345,0.021793797,0.024029058,0.021793797,0.019558536,0.021234982,0.024308466,0.02263202,0.01424979,0.026543727,0.029617212,0.060910869,0.008661637,0.013970383,0.011735122,0.011735122,0.01788209,0.024029058,0.009779268,0.012293937,0.025146689,0.006146968,0.030734842,0.009779268,0.014529198,0.020117351,0.012852752,0.022073205,0.010896899,0.006146968,0.006705784,0.006985191,0.008102822,0.006705784,0.013690975,0.005308745,0.008941045,0.005308745,0.038837664
2026-04-23,3.6315256826010627,0.01673398730525101,0.032313906520484714,0.07905366416618582,0.06491633006347375,0.05077899596076169,0.034045008655510675,0.03664166185804963,0.025389497980380846,0.008078476630121179,0.030871321407963073,0.027986151182919795,0.031159838430467404,0.015579919215233702,0.01846508944027698,0.027409117137911138,0.013271783035199079,0.017311021350259668,0.03491055972302366,0.02885170225043278,0.03289094056549337,0.00894402769763416,0.0207732256203116,0.008078476630121179,0.010963646855164455,0.01788805539526832,0.019042123485285636,0.011252163877668784,0.01788805539526832,0.01788805539526832,0.011540680900173112,0.01788805539526832,0.01442585112521639,0.015579919215233702,0.023369878822850552,0.012406231967686095,0.034045008655510675,0.006347374495095212,0.012117714945181766,0.004616272360069245,0.010098095787651471,0.006058857472590883,0.0034622042700519335,0.013848817080207734,0.002885170225043278,0.012406231967686095,0.006058857472590883,0.03346797461050202
2026-04-30,3.6650227452745576,0.013230769230769228,0.028923076923076916,0.0646153846153846,0.05476923076923076,0.06523076923076922,0.023692307692307686,0.03907692307692307,0.02615384615384615,0.01692307692307692,0.020615384615384612,0.027999999999999994,0.028923076923076916,0.010769230769230767,0.013538461538461536,0.025846153846153838,0.012307692307692306,0.016307692307692304,0.0283076923076923,0.030769230769230764,0.030769230769230764,0.012307692307692306,0.01784615384615384,0.009230769230769228,0.010769230769230767,0.01569230769230769,0.02092307692307692,0.009846153846153845,0.014769230769230765,0.01907692307692307,0.009538461538461536,0.03507692307692307,0.024615384615384612,0.009230769230769228,0.01569230769230769,0.01907692307692307,0.0363076923076923,0.014769230769230765,0.007999999999999998,0.007384615384615383,0.013230769230769228,0.00892307692307692,0.004923076923076922,0.010769230769230767,0.0043076923076923075,0.015384615384615382,0.013538461538461536,0.039999999999999994
2026-05-07,3.6769979116196563,0.015086206896551718,0.014547413793103443,0.06519396551724134,0.04310344827586205,0.05603448275862066,0.022629310344827572,0.035021551724137914,0.025862068965517227,0.014008620689655166,0.02047413793103447,0.024784482758620677,0.02316810344827585,0.010237068965517236,0.012392241379310338,0.03825431034482756,0.01346982758620689,0.01724137931034482,0.023706896551724126,0.016702586206896543,0.02047413793103447,0.015624999999999991,0.01939655172413792,0.011853448275862063,0.01346982758620689,0.011314655172413786,0.011853448275862063,0.012931034482758614,0.011853448275862063,0.009159482758620685,0.012931034482758614,0.02047413793103447,0.02693965517241378,0.00969827586206896,0.025862068965517227,0.012392241379310338,0.04741379310344825,0.009159482758620685,0.01831896551724137,0.007004310344827583,0.02101293103448275,0.004310344827586205,0.006465517241379307,0.022629310344827572,0.00862068965517241,0.0441810344827586,0.027478448275862054,0.045258620689655145
